Time_Step,Backlog_Level_b1,Trigger_Inventory_I2
0,0,No_Transshipment
0,1,No_Transshipment
0,2,No_Transshipment
0,3,No_Transshipment
0,4,5
0,5,5
0,6,5
0,7,5
0,8,5
0,9,5
0,10,5
0,11,5
0,12,5
0,13,6
0,14,6
0,15,6
0,16,7
0,17,7
0,18,8
0,19,9
0,20,10
1,0,No_Transshipment
1,1,No_Transshipment
1,2,No_Transshipment
1,3,No_Transshipment
1,4,5
1,5,5
1,6,5
1,7,5
1,8,5
1,9,5
1,10,5
1,11,5
1,12,5
1,13,6
1,14,6
1,15,6
1,16,7
1,17,7
1,18,8
1,19,9
1,20,10
2,0,No_Transshipment
2,1,No_Transshipment
2,2,No_Transshipment
2,3,No_Transshipment
2,4,5
2,5,5
2,6,5
2,7,5
2,8,5
2,9,5
2,10,5
2,11,5
2,12,5
2,13,6
2,14,6
2,15,6
2,16,7
2,17,7
2,18,8
2,19,9
2,20,10
3,0,No_Transshipment
3,1,No_Transshipment
3,2,No_Transshipment
3,3,No_Transshipment
3,4,5
3,5,5
3,6,5
3,7,5
3,8,5
3,9,5
3,10,5
3,11,5
3,12,5
3,13,6
3,14,6
3,15,6
3,16,7
3,17,7
3,18,8
3,19,9
3,20,10
4,0,No_Transshipment
4,1,No_Transshipment
4,2,No_Transshipment
4,3,No_Transshipment
4,4,5
4,5,5
4,6,5
4,7,5
4,8,5
4,9,5
4,10,5
4,11,5
4,12,5
4,13,6
4,14,6
4,15,6
4,16,7
4,17,7
4,18,8
4,19,9
4,20,10
5,0,No_Transshipment
5,1,No_Transshipment
5,2,No_Transshipment
5,3,No_Transshipment
5,4,5
5,5,5
5,6,5
5,7,5
5,8,5
5,9,5
5,10,5
5,11,5
5,12,5
5,13,6
5,14,6
5,15,6
5,16,7
5,17,7
5,18,8
5,19,9
5,20,10
6,0,No_Transshipment
6,1,No_Transshipment
6,2,No_Transshipment
6,3,No_Transshipment
6,4,5
6,5,5
6,6,5
6,7,5
6,8,5
6,9,5
6,10,5
6,11,5
6,12,5
6,13,6
6,14,6
6,15,6
6,16,7
6,17,7
6,18,8
6,19,9
6,20,10
7,0,No_Transshipment
7,1,No_Transshipment
7,2,No_Transshipment
7,3,No_Transshipment
7,4,5
7,5,5
7,6,5
7,7,5
7,8,5
7,9,5
7,10,5
7,11,5
7,12,5
7,13,6
7,14,6
7,15,6
7,16,7
7,17,7
7,18,8
7,19,9
7,20,10
8,0,No_Transshipment
8,1,No_Transshipment
8,2,No_Transshipment
8,3,No_Transshipment
8,4,5
8,5,5
8,6,5
8,7,5
8,8,5
8,9,5
8,10,5
8,11,5
8,12,5
8,13,6
8,14,6
8,15,6
8,16,7
8,17,7
8,18,8
8,19,9
8,20,10
9,0,No_Transshipment
9,1,No_Transshipment
9,2,No_Transshipment
9,3,No_Transshipment
9,4,5
9,5,5
9,6,5
9,7,5
9,8,5
9,9,5
9,10,5
9,11,5
9,12,5
9,13,6
9,14,6
9,15,6
9,16,7
9,17,7
9,18,8
9,19,9
9,20,10
10,0,No_Transshipment
10,1,No_Transshipment
10,2,No_Transshipment
10,3,No_Transshipment
10,4,5
10,5,5
10,6,5
10,7,5
10,8,5
10,9,5
10,10,5
10,11,5
10,12,5
10,13,6
10,14,6
10,15,6
10,16,7
10,17,7
10,18,8
10,19,9
10,20,10
11,0,No_Transshipment
11,1,No_Transshipment
11,2,No_Transshipment
11,3,No_Transshipment
11,4,5
11,5,5
11,6,5
11,7,5
11,8,5
11,9,5
11,10,5
11,11,5
11,12,5
11,13,6
11,14,6
11,15,6
11,16,7
11,17,7
11,18,8
11,19,9
11,20,10
12,0,No_Transshipment
12,1,No_Transshipment
12,2,No_Transshipment
12,3,No_Transshipment
12,4,5
12,5,5
12,6,5
12,7,5
12,8,5
12,9,5
12,10,5
12,11,5
12,12,5
12,13,6
12,14,6
12,15,6
12,16,7
12,17,7
12,18,8
12,19,9
12,20,10
13,0,No_Transshipment
13,1,No_Transshipment
13,2,No_Transshipment
13,3,No_Transshipment
13,4,5
13,5,5
13,6,5
13,7,5
13,8,5
13,9,5
13,10,5
13,11,5
13,12,5
13,13,6
13,14,6
13,15,6
13,16,7
13,17,7
13,18,8
13,19,9
13,20,10
14,0,No_Transshipment
14,1,No_Transshipment
14,2,No_Transshipment
14,3,No_Transshipment
14,4,5
14,5,5
14,6,5
14,7,5
14,8,5
14,9,5
14,10,5
14,11,5
14,12,5
14,13,6
14,14,6
14,15,6
14,16,7
14,17,7
14,18,8
14,19,9
14,20,10
15,0,No_Transshipment
15,1,No_Transshipment
15,2,No_Transshipment
15,3,No_Transshipment
15,4,5
15,5,5
15,6,5
15,7,5
15,8,5
15,9,5
15,10,5
15,11,5
15,12,5
15,13,6
15,14,6
15,15,6
15,16,7
15,17,7
15,18,8
15,19,9
15,20,10
16,0,No_Transshipment
16,1,No_Transshipment
16,2,No_Transshipment
16,3,No_Transshipment
16,4,5
16,5,5
16,6,5
16,7,5
16,8,5
16,9,5
16,10,5
16,11,5
16,12,5
16,13,6
16,14,6
16,15,6
16,16,7
16,17,7
16,18,8
16,19,9
16,20,10
17,0,No_Transshipment
17,1,No_Transshipment
17,2,No_Transshipment
17,3,No_Transshipment
17,4,5
17,5,5
17,6,5
17,7,5
17,8,5
17,9,5
17,10,5
17,11,5
17,12,5
17,13,6
17,14,6
17,15,6
17,16,7
17,17,7
17,18,8
17,19,9
17,20,10
18,0,No_Transshipment
18,1,No_Transshipment
18,2,No_Transshipment
18,3,No_Transshipment
18,4,5
18,5,5
18,6,5
18,7,5
18,8,5
18,9,5
18,10,5
18,11,5
18,12,5
18,13,6
18,14,6
18,15,6
18,16,7
18,17,7
18,18,8
18,19,9
18,20,10
19,0,No_Transshipment
19,1,No_Transshipment
19,2,No_Transshipment
19,3,No_Transshipment
19,4,5
19,5,5
19,6,5
19,7,5
19,8,5
19,9,5
19,10,5
19,11,5
19,12,5
19,13,6
19,14,6
19,15,6
19,16,7
19,17,7
19,18,8
19,19,9
19,20,10
20,0,No_Transshipment
20,1,No_Transshipment
20,2,No_Transshipment
20,3,No_Transshipment
20,4,5
20,5,5
20,6,5
20,7,5
20,8,5
20,9,5
20,10,5
20,11,5
20,12,5
20,13,6
20,14,6
20,15,6
20,16,7
20,17,7
20,18,8
20,19,9
20,20,10
21,0,No_Transshipment
21,1,No_Transshipment
21,2,No_Transshipment
21,3,No_Transshipment
21,4,6
21,5,5
21,6,5
21,7,5
21,8,5
21,9,5
21,10,5
21,11,5
21,12,5
21,13,6
21,14,6
21,15,6
21,16,7
21,17,7
21,18,8
21,19,9
21,20,10
22,0,No_Transshipment
22,1,No_Transshipment
22,2,No_Transshipment
22,3,No_Transshipment
22,4,6
22,5,5
22,6,5
22,7,5
22,8,5
22,9,5
22,10,5
22,11,5
22,12,5
22,13,6
22,14,6
22,15,6
22,16,7
22,17,7
22,18,8
22,19,9
22,20,10
23,0,No_Transshipment
23,1,No_Transshipment
23,2,No_Transshipment
23,3,No_Transshipment
23,4,6
23,5,5
23,6,5
23,7,5
23,8,5
23,9,5
23,10,5
23,11,5
23,12,5
23,13,6
23,14,6
23,15,6
23,16,7
23,17,7
23,18,8
23,19,9
23,20,10
24,0,No_Transshipment
24,1,No_Transshipment
24,2,No_Transshipment
24,3,No_Transshipment
24,4,6
24,5,5
24,6,5
24,7,5
24,8,5
24,9,5
24,10,5
24,11,5
24,12,5
24,13,6
24,14,6
24,15,6
24,16,7
24,17,7
24,18,8
24,19,9
24,20,10
25,0,No_Transshipment
25,1,No_Transshipment
25,2,No_Transshipment
25,3,No_Transshipment
25,4,6
25,5,5
25,6,5
25,7,5
25,8,5
25,9,5
25,10,5
25,11,5
25,12,5
25,13,6
25,14,6
25,15,6
25,16,7
25,17,7
25,18,8
25,19,9
25,20,10
26,0,No_Transshipment
26,1,No_Transshipment
26,2,No_Transshipment
26,3,No_Transshipment
26,4,6
26,5,5
26,6,5
26,7,5
26,8,5
26,9,5
26,10,5
26,11,5
26,12,5
26,13,6
26,14,6
26,15,6
26,16,7
26,17,7
26,18,8
26,19,9
26,20,10
27,0,No_Transshipment
27,1,No_Transshipment
27,2,No_Transshipment
27,3,No_Transshipment
27,4,6
27,5,5
27,6,5
27,7,5
27,8,5
27,9,5
27,10,5
27,11,5
27,12,5
27,13,6
27,14,6
27,15,6
27,16,7
27,17,7
27,18,8
27,19,9
27,20,10
28,0,No_Transshipment
28,1,No_Transshipment
28,2,No_Transshipment
28,3,No_Transshipment
28,4,6
28,5,5
28,6,5
28,7,5
28,8,5
28,9,5
28,10,5
28,11,5
28,12,5
28,13,6
28,14,6
28,15,6
28,16,7
28,17,7
28,18,8
28,19,9
28,20,10
29,0,No_Transshipment
29,1,No_Transshipment
29,2,No_Transshipment
29,3,No_Transshipment
29,4,6
29,5,5
29,6,5
29,7,5
29,8,5
29,9,5
29,10,5
29,11,5
29,12,5
29,13,6
29,14,6
29,15,6
29,16,7
29,17,7
29,18,8
29,19,9
29,20,10
30,0,No_Transshipment
30,1,No_Transshipment
30,2,No_Transshipment
30,3,No_Transshipment
30,4,6
30,5,5
30,6,5
30,7,5
30,8,5
30,9,5
30,10,5
30,11,5
30,12,5
30,13,6
30,14,6
30,15,6
30,16,7
30,17,7
30,18,8
30,19,9
30,20,10
31,0,No_Transshipment
31,1,No_Transshipment
31,2,No_Transshipment
31,3,No_Transshipment
31,4,6
31,5,5
31,6,5
31,7,5
31,8,5
31,9,5
31,10,5
31,11,5
31,12,6
31,13,6
31,14,6
31,15,6
31,16,7
31,17,7
31,18,8
31,19,9
31,20,10
32,0,No_Transshipment
32,1,No_Transshipment
32,2,No_Transshipment
32,3,No_Transshipment
32,4,6
32,5,5
32,6,5
32,7,5
32,8,5
32,9,5
32,10,5
32,11,5
32,12,6
32,13,6
32,14,6
32,15,6
32,16,7
32,17,7
32,18,8
32,19,9
32,20,10
33,0,No_Transshipment
33,1,No_Transshipment
33,2,No_Transshipment
33,3,No_Transshipment
33,4,6
33,5,5
33,6,5
33,7,5
33,8,5
33,9,5
33,10,5
33,11,5
33,12,6
33,13,6
33,14,6
33,15,6
33,16,7
33,17,7
33,18,8
33,19,9
33,20,10
34,0,No_Transshipment
34,1,No_Transshipment
34,2,No_Transshipment
34,3,No_Transshipment
34,4,6
34,5,5
34,6,5
34,7,5
34,8,5
34,9,5
34,10,5
34,11,5
34,12,6
34,13,6
34,14,6
34,15,6
34,16,7
34,17,7
34,18,8
34,19,9
34,20,10
35,0,No_Transshipment
35,1,No_Transshipment
35,2,No_Transshipment
35,3,No_Transshipment
35,4,6
35,5,5
35,6,5
35,7,5
35,8,5
35,9,5
35,10,5
35,11,5
35,12,6
35,13,6
35,14,6
35,15,6
35,16,7
35,17,7
35,18,8
35,19,9
35,20,10
36,0,No_Transshipment
36,1,No_Transshipment
36,2,No_Transshipment
36,3,No_Transshipment
36,4,6
36,5,5
36,6,5
36,7,5
36,8,5
36,9,5
36,10,5
36,11,5
36,12,6
36,13,6
36,14,6
36,15,6
36,16,7
36,17,7
36,18,8
36,19,9
36,20,10
37,0,No_Transshipment
37,1,No_Transshipment
37,2,No_Transshipment
37,3,No_Transshipment
37,4,6
37,5,5
37,6,5
37,7,5
37,8,5
37,9,5
37,10,5
37,11,5
37,12,6
37,13,6
37,14,6
37,15,6
37,16,7
37,17,7
37,18,8
37,19,9
37,20,10
38,0,No_Transshipment
38,1,No_Transshipment
38,2,No_Transshipment
38,3,No_Transshipment
38,4,6
38,5,5
38,6,5
38,7,5
38,8,5
38,9,5
38,10,5
38,11,5
38,12,6
38,13,6
38,14,6
38,15,6
38,16,7
38,17,7
38,18,8
38,19,9
38,20,10
39,0,No_Transshipment
39,1,No_Transshipment
39,2,No_Transshipment
39,3,No_Transshipment
39,4,6
39,5,5
39,6,5
39,7,5
39,8,5
39,9,5
39,10,5
39,11,5
39,12,6
39,13,6
39,14,6
39,15,6
39,16,7
39,17,7
39,18,8
39,19,9
39,20,10
40,0,No_Transshipment
40,1,No_Transshipment
40,2,No_Transshipment
40,3,No_Transshipment
40,4,6
40,5,5
40,6,5
40,7,5
40,8,5
40,9,5
40,10,5
40,11,5
40,12,6
40,13,6
40,14,6
40,15,6
40,16,7
40,17,7
40,18,8
40,19,9
40,20,10
41,0,No_Transshipment
41,1,No_Transshipment
41,2,No_Transshipment
41,3,No_Transshipment
41,4,6
41,5,5
41,6,5
41,7,5
41,8,5
41,9,5
41,10,5
41,11,5
41,12,6
41,13,6
41,14,6
41,15,6
41,16,7
41,17,7
41,18,8
41,19,9
41,20,10
42,0,No_Transshipment
42,1,No_Transshipment
42,2,No_Transshipment
42,3,No_Transshipment
42,4,6
42,5,5
42,6,5
42,7,5
42,8,5
42,9,5
42,10,5
42,11,5
42,12,6
42,13,6
42,14,6
42,15,6
42,16,7
42,17,7
42,18,8
42,19,9
42,20,10
43,0,No_Transshipment
43,1,No_Transshipment
43,2,No_Transshipment
43,3,No_Transshipment
43,4,6
43,5,5
43,6,5
43,7,5
43,8,5
43,9,5
43,10,5
43,11,5
43,12,6
43,13,6
43,14,6
43,15,6
43,16,6
43,17,7
43,18,8
43,19,9
43,20,10
44,0,No_Transshipment
44,1,No_Transshipment
44,2,No_Transshipment
44,3,No_Transshipment
44,4,6
44,5,5
44,6,5
44,7,5
44,8,5
44,9,5
44,10,5
44,11,5
44,12,6
44,13,6
44,14,6
44,15,6
44,16,6
44,17,7
44,18,8
44,19,9
44,20,10
45,0,No_Transshipment
45,1,No_Transshipment
45,2,No_Transshipment
45,3,No_Transshipment
45,4,6
45,5,5
45,6,5
45,7,5
45,8,5
45,9,5
45,10,5
45,11,5
45,12,6
45,13,6
45,14,6
45,15,6
45,16,6
45,17,7
45,18,8
45,19,9
45,20,10
46,0,No_Transshipment
46,1,No_Transshipment
46,2,No_Transshipment
46,3,No_Transshipment
46,4,6
46,5,5
46,6,5
46,7,5
46,8,5
46,9,5
46,10,5
46,11,5
46,12,6
46,13,6
46,14,6
46,15,6
46,16,6
46,17,7
46,18,8
46,19,8
46,20,10
47,0,No_Transshipment
47,1,No_Transshipment
47,2,No_Transshipment
47,3,No_Transshipment
47,4,6
47,5,5
47,6,5
47,7,5
47,8,5
47,9,5
47,10,5
47,11,5
47,12,6
47,13,6
47,14,6
47,15,6
47,16,6
47,17,7
47,18,8
47,19,8
47,20,10
48,0,No_Transshipment
48,1,No_Transshipment
48,2,No_Transshipment
48,3,No_Transshipment
48,4,6
48,5,5
48,6,5
48,7,5
48,8,5
48,9,5
48,10,5
48,11,6
48,12,6
48,13,6
48,14,6
48,15,6
48,16,6
48,17,7
48,18,8
48,19,8
48,20,10
49,0,No_Transshipment
49,1,No_Transshipment
49,2,No_Transshipment
49,3,No_Transshipment
49,4,6
49,5,5
49,6,5
49,7,5
49,8,5
49,9,5
49,10,5
49,11,6
49,12,6
49,13,6
49,14,6
49,15,6
49,16,6
49,17,7
49,18,8
49,19,8
49,20,10
50,0,No_Transshipment
50,1,No_Transshipment
50,2,No_Transshipment
50,3,No_Transshipment
50,4,6
50,5,5
50,6,5
50,7,5
50,8,5
50,9,5
50,10,5
50,11,6
50,12,6
50,13,6
50,14,6
50,15,6
50,16,6
50,17,7
50,18,8
50,19,8
50,20,10
51,0,No_Transshipment
51,1,No_Transshipment
51,2,No_Transshipment
51,3,No_Transshipment
51,4,6
51,5,5
51,6,5
51,7,5
51,8,5
51,9,5
51,10,5
51,11,6
51,12,6
51,13,6
51,14,6
51,15,6
51,16,6
51,17,7
51,18,8
51,19,8
51,20,10
52,0,No_Transshipment
52,1,No_Transshipment
52,2,No_Transshipment
52,3,No_Transshipment
52,4,6
52,5,5
52,6,5
52,7,5
52,8,5
52,9,5
52,10,5
52,11,6
52,12,6
52,13,6
52,14,6
52,15,6
52,16,6
52,17,7
52,18,8
52,19,8
52,20,10
53,0,No_Transshipment
53,1,No_Transshipment
53,2,No_Transshipment
53,3,No_Transshipment
53,4,6
53,5,5
53,6,5
53,7,5
53,8,5
53,9,5
53,10,6
53,11,6
53,12,6
53,13,6
53,14,6
53,15,6
53,16,6
53,17,7
53,18,8
53,19,8
53,20,10
54,0,No_Transshipment
54,1,No_Transshipment
54,2,No_Transshipment
54,3,No_Transshipment
54,4,6
54,5,5
54,6,5
54,7,5
54,8,5
54,9,5
54,10,6
54,11,6
54,12,6
54,13,6
54,14,6
54,15,6
54,16,6
54,17,7
54,18,8
54,19,8
54,20,10
55,0,No_Transshipment
55,1,No_Transshipment
55,2,No_Transshipment
55,3,No_Transshipment
55,4,6
55,5,5
55,6,5
55,7,5
55,8,6
55,9,6
55,10,6
55,11,6
55,12,6
55,13,6
55,14,6
55,15,6
55,16,6
55,17,7
55,18,8
55,19,8
55,20,10
56,0,No_Transshipment
56,1,No_Transshipment
56,2,No_Transshipment
56,3,No_Transshipment
56,4,6
56,5,6
56,6,6
56,7,6
56,8,6
56,9,6
56,10,6
56,11,6
56,12,6
56,13,6
56,14,6
56,15,6
56,16,6
56,17,7
56,18,8
56,19,8
56,20,10
57,0,No_Transshipment
57,1,No_Transshipment
57,2,No_Transshipment
57,3,No_Transshipment
57,4,6
57,5,6
57,6,6
57,7,6
57,8,6
57,9,6
57,10,6
57,11,6
57,12,6
57,13,6
57,14,6
57,15,6
57,16,6
57,17,7
57,18,8
57,19,8
57,20,10
58,0,No_Transshipment
58,1,No_Transshipment
58,2,No_Transshipment
58,3,No_Transshipment
58,4,6
58,5,6
58,6,6
58,7,6
58,8,6
58,9,6
58,10,6
58,11,6
58,12,6
58,13,6
58,14,6
58,15,6
58,16,6
58,17,7
58,18,8
58,19,8
58,20,10
59,0,No_Transshipment
59,1,No_Transshipment
59,2,No_Transshipment
59,3,No_Transshipment
59,4,6
59,5,6
59,6,6
59,7,6
59,8,6
59,9,6
59,10,6
59,11,6
59,12,6
59,13,6
59,14,6
59,15,6
59,16,6
59,17,7
59,18,8
59,19,8
59,20,10
60,0,No_Transshipment
60,1,No_Transshipment
60,2,No_Transshipment
60,3,No_Transshipment
60,4,6
60,5,6
60,6,6
60,7,6
60,8,6
60,9,6
60,10,6
60,11,6
60,12,6
60,13,6
60,14,6
60,15,6
60,16,6
60,17,7
60,18,8
60,19,8
60,20,10
61,0,No_Transshipment
61,1,No_Transshipment
61,2,No_Transshipment
61,3,No_Transshipment
61,4,6
61,5,6
61,6,6
61,7,6
61,8,6
61,9,6
61,10,6
61,11,6
61,12,6
61,13,6
61,14,6
61,15,6
61,16,6
61,17,7
61,18,8
61,19,8
61,20,9
62,0,No_Transshipment
62,1,No_Transshipment
62,2,No_Transshipment
62,3,No_Transshipment
62,4,6
62,5,6
62,6,6
62,7,6
62,8,6
62,9,6
62,10,6
62,11,6
62,12,6
62,13,6
62,14,6
62,15,6
62,16,6
62,17,7
62,18,8
62,19,8
62,20,9
63,0,No_Transshipment
63,1,No_Transshipment
63,2,No_Transshipment
63,3,No_Transshipment
63,4,6
63,5,6
63,6,6
63,7,6
63,8,6
63,9,6
63,10,6
63,11,6
63,12,6
63,13,6
63,14,6
63,15,6
63,16,6
63,17,7
63,18,8
63,19,8
63,20,9
64,0,No_Transshipment
64,1,No_Transshipment
64,2,No_Transshipment
64,3,No_Transshipment
64,4,6
64,5,6
64,6,6
64,7,6
64,8,6
64,9,6
64,10,6
64,11,6
64,12,6
64,13,6
64,14,6
64,15,6
64,16,6
64,17,7
64,18,8
64,19,8
64,20,9
65,0,No_Transshipment
65,1,No_Transshipment
65,2,No_Transshipment
65,3,No_Transshipment
65,4,6
65,5,6
65,6,6
65,7,6
65,8,6
65,9,6
65,10,6
65,11,6
65,12,6
65,13,6
65,14,6
65,15,6
65,16,6
65,17,7
65,18,8
65,19,8
65,20,9
66,0,No_Transshipment
66,1,No_Transshipment
66,2,No_Transshipment
66,3,No_Transshipment
66,4,6
66,5,6
66,6,6
66,7,6
66,8,6
66,9,6
66,10,6
66,11,6
66,12,6
66,13,6
66,14,6
66,15,6
66,16,6
66,17,7
66,18,8
66,19,8
66,20,9
67,0,No_Transshipment
67,1,No_Transshipment
67,2,No_Transshipment
67,3,No_Transshipment
67,4,6
67,5,6
67,6,6
67,7,6
67,8,6
67,9,6
67,10,6
67,11,6
67,12,6
67,13,6
67,14,6
67,15,6
67,16,6
67,17,7
67,18,8
67,19,8
67,20,9
68,0,No_Transshipment
68,1,No_Transshipment
68,2,No_Transshipment
68,3,No_Transshipment
68,4,6
68,5,6
68,6,6
68,7,6
68,8,6
68,9,6
68,10,6
68,11,6
68,12,6
68,13,6
68,14,6
68,15,6
68,16,6
68,17,7
68,18,7
68,19,8
68,20,9
69,0,No_Transshipment
69,1,No_Transshipment
69,2,No_Transshipment
69,3,No_Transshipment
69,4,6
69,5,6
69,6,6
69,7,6
69,8,6
69,9,6
69,10,6
69,11,6
69,12,6
69,13,6
69,14,6
69,15,6
69,16,6
69,17,7
69,18,7
69,19,8
69,20,9
70,0,No_Transshipment
70,1,No_Transshipment
70,2,No_Transshipment
70,3,No_Transshipment
70,4,6
70,5,6
70,6,6
70,7,6
70,8,6
70,9,6
70,10,6
70,11,6
70,12,6
70,13,6
70,14,6
70,15,6
70,16,6
70,17,7
70,18,7
70,19,8
70,20,9
71,0,No_Transshipment
71,1,No_Transshipment
71,2,No_Transshipment
71,3,No_Transshipment
71,4,6
71,5,6
71,6,6
71,7,6
71,8,6
71,9,6
71,10,6
71,11,6
71,12,6
71,13,6
71,14,6
71,15,6
71,16,6
71,17,7
71,18,7
71,19,8
71,20,9
72,0,No_Transshipment
72,1,No_Transshipment
72,2,No_Transshipment
72,3,No_Transshipment
72,4,6
72,5,6
72,6,6
72,7,6
72,8,6
72,9,6
72,10,6
72,11,6
72,12,6
72,13,6
72,14,6
72,15,6
72,16,6
72,17,7
72,18,7
72,19,8
72,20,9
73,0,No_Transshipment
73,1,No_Transshipment
73,2,No_Transshipment
73,3,No_Transshipment
73,4,6
73,5,6
73,6,6
73,7,6
73,8,6
73,9,6
73,10,6
73,11,6
73,12,6
73,13,6
73,14,6
73,15,6
73,16,6
73,17,7
73,18,7
73,19,8
73,20,9
74,0,No_Transshipment
74,1,No_Transshipment
74,2,No_Transshipment
74,3,No_Transshipment
74,4,6
74,5,6
74,6,6
74,7,6
74,8,6
74,9,6
74,10,6
74,11,6
74,12,6
74,13,6
74,14,6
74,15,6
74,16,6
74,17,7
74,18,7
74,19,8
74,20,9
75,0,No_Transshipment
75,1,No_Transshipment
75,2,No_Transshipment
75,3,No_Transshipment
75,4,6
75,5,6
75,6,6
75,7,6
75,8,6
75,9,6
75,10,6
75,11,6
75,12,6
75,13,6
75,14,6
75,15,6
75,16,6
75,17,7
75,18,7
75,19,8
75,20,9
76,0,No_Transshipment
76,1,No_Transshipment
76,2,No_Transshipment
76,3,No_Transshipment
76,4,7
76,5,6
76,6,6
76,7,6
76,8,6
76,9,6
76,10,6
76,11,6
76,12,6
76,13,6
76,14,6
76,15,6
76,16,6
76,17,7
76,18,7
76,19,8
76,20,9
77,0,No_Transshipment
77,1,No_Transshipment
77,2,No_Transshipment
77,3,No_Transshipment
77,4,7
77,5,6
77,6,6
77,7,6
77,8,6
77,9,6
77,10,6
77,11,6
77,12,6
77,13,6
77,14,6
77,15,6
77,16,6
77,17,7
77,18,7
77,19,8
77,20,9
78,0,No_Transshipment
78,1,No_Transshipment
78,2,No_Transshipment
78,3,No_Transshipment
78,4,7
78,5,6
78,6,6
78,7,6
78,8,6
78,9,6
78,10,6
78,11,6
78,12,6
78,13,6
78,14,6
78,15,6
78,16,6
78,17,7
78,18,7
78,19,8
78,20,9
79,0,No_Transshipment
79,1,No_Transshipment
79,2,No_Transshipment
79,3,No_Transshipment
79,4,7
79,5,6
79,6,6
79,7,6
79,8,6
79,9,6
79,10,6
79,11,6
79,12,6
79,13,6
79,14,6
79,15,6
79,16,6
79,17,7
79,18,7
79,19,8
79,20,9
80,0,No_Transshipment
80,1,No_Transshipment
80,2,No_Transshipment
80,3,No_Transshipment
80,4,7
80,5,6
80,6,6
80,7,6
80,8,6
80,9,6
80,10,6
80,11,6
80,12,6
80,13,6
80,14,6
80,15,6
80,16,6
80,17,7
80,18,7
80,19,8
80,20,9
81,0,No_Transshipment
81,1,No_Transshipment
81,2,No_Transshipment
81,3,No_Transshipment
81,4,7
81,5,6
81,6,6
81,7,6
81,8,6
81,9,6
81,10,6
81,11,6
81,12,6
81,13,6
81,14,6
81,15,6
81,16,6
81,17,7
81,18,7
81,19,8
81,20,9
82,0,No_Transshipment
82,1,No_Transshipment
82,2,No_Transshipment
82,3,No_Transshipment
82,4,7
82,5,6
82,6,6
82,7,6
82,8,6
82,9,6
82,10,6
82,11,6
82,12,6
82,13,6
82,14,6
82,15,6
82,16,6
82,17,7
82,18,7
82,19,8
82,20,9
83,0,No_Transshipment
83,1,No_Transshipment
83,2,No_Transshipment
83,3,No_Transshipment
83,4,No_Transshipment
83,5,6
83,6,6
83,7,6
83,8,6
83,9,6
83,10,6
83,11,6
83,12,6
83,13,6
83,14,6
83,15,6
83,16,6
83,17,7
83,18,7
83,19,8
83,20,9
84,0,No_Transshipment
84,1,No_Transshipment
84,2,No_Transshipment
84,3,No_Transshipment
84,4,No_Transshipment
84,5,6
84,6,6
84,7,6
84,8,6
84,9,6
84,10,6
84,11,6
84,12,6
84,13,6
84,14,6
84,15,6
84,16,6
84,17,7
84,18,7
84,19,8
84,20,9
85,0,No_Transshipment
85,1,No_Transshipment
85,2,No_Transshipment
85,3,No_Transshipment
85,4,No_Transshipment
85,5,6
85,6,6
85,7,6
85,8,6
85,9,6
85,10,6
85,11,6
85,12,6
85,13,6
85,14,6
85,15,6
85,16,6
85,17,7
85,18,7
85,19,8
85,20,9
86,0,No_Transshipment
86,1,No_Transshipment
86,2,No_Transshipment
86,3,No_Transshipment
86,4,No_Transshipment
86,5,6
86,6,6
86,7,6
86,8,6
86,9,6
86,10,6
86,11,6
86,12,6
86,13,6
86,14,6
86,15,6
86,16,6
86,17,7
86,18,7
86,19,8
86,20,9
87,0,No_Transshipment
87,1,No_Transshipment
87,2,No_Transshipment
87,3,No_Transshipment
87,4,No_Transshipment
87,5,6
87,6,6
87,7,6
87,8,6
87,9,6
87,10,6
87,11,6
87,12,6
87,13,6
87,14,6
87,15,6
87,16,6
87,17,7
87,18,7
87,19,8
87,20,9
88,0,No_Transshipment
88,1,No_Transshipment
88,2,No_Transshipment
88,3,No_Transshipment
88,4,No_Transshipment
88,5,6
88,6,6
88,7,6
88,8,6
88,9,6
88,10,6
88,11,6
88,12,6
88,13,6
88,14,6
88,15,6
88,16,6
88,17,7
88,18,7
88,19,8
88,20,9
89,0,No_Transshipment
89,1,No_Transshipment
89,2,No_Transshipment
89,3,No_Transshipment
89,4,No_Transshipment
89,5,6
89,6,6
89,7,6
89,8,6
89,9,6
89,10,6
89,11,6
89,12,6
89,13,6
89,14,6
89,15,6
89,16,6
89,17,7
89,18,7
89,19,8
89,20,9
90,0,No_Transshipment
90,1,No_Transshipment
90,2,No_Transshipment
90,3,No_Transshipment
90,4,No_Transshipment
90,5,6
90,6,6
90,7,6
90,8,6
90,9,6
90,10,6
90,11,6
90,12,6
90,13,6
90,14,6
90,15,6
90,16,6
90,17,7
90,18,7
90,19,8
90,20,9
91,0,No_Transshipment
91,1,No_Transshipment
91,2,No_Transshipment
91,3,No_Transshipment
91,4,No_Transshipment
91,5,6
91,6,6
91,7,6
91,8,6
91,9,6
91,10,6
91,11,6
91,12,6
91,13,6
91,14,6
91,15,6
91,16,6
91,17,7
91,18,7
91,19,8
91,20,9
92,0,No_Transshipment
92,1,No_Transshipment
92,2,No_Transshipment
92,3,No_Transshipment
92,4,No_Transshipment
92,5,6
92,6,6
92,7,6
92,8,6
92,9,6
92,10,6
92,11,6
92,12,6
92,13,6
92,14,6
92,15,6
92,16,6
92,17,7
92,18,7
92,19,8
92,20,9
93,0,No_Transshipment
93,1,No_Transshipment
93,2,No_Transshipment
93,3,No_Transshipment
93,4,No_Transshipment
93,5,6
93,6,6
93,7,6
93,8,6
93,9,6
93,10,6
93,11,6
93,12,6
93,13,6
93,14,6
93,15,6
93,16,6
93,17,7
93,18,7
93,19,8
93,20,9
94,0,No_Transshipment
94,1,No_Transshipment
94,2,No_Transshipment
94,3,No_Transshipment
94,4,No_Transshipment
94,5,6
94,6,6
94,7,6
94,8,6
94,9,6
94,10,6
94,11,6
94,12,6
94,13,6
94,14,6
94,15,6
94,16,6
94,17,7
94,18,7
94,19,8
94,20,9
95,0,No_Transshipment
95,1,No_Transshipment
95,2,No_Transshipment
95,3,No_Transshipment
95,4,No_Transshipment
95,5,6
95,6,6
95,7,6
95,8,6
95,9,6
95,10,6
95,11,6
95,12,6
95,13,6
95,14,6
95,15,6
95,16,6
95,17,7
95,18,7
95,19,8
95,20,9
96,0,No_Transshipment
96,1,No_Transshipment
96,2,No_Transshipment
96,3,No_Transshipment
96,4,No_Transshipment
96,5,6
96,6,6
96,7,6
96,8,6
96,9,6
96,10,6
96,11,6
96,12,6
96,13,6
96,14,6
96,15,6
96,16,6
96,17,7
96,18,7
96,19,8
96,20,9
97,0,No_Transshipment
97,1,No_Transshipment
97,2,No_Transshipment
97,3,No_Transshipment
97,4,No_Transshipment
97,5,6
97,6,6
97,7,6
97,8,6
97,9,6
97,10,6
97,11,6
97,12,6
97,13,6
97,14,6
97,15,6
97,16,6
97,17,7
97,18,7
97,19,8
97,20,9
98,0,No_Transshipment
98,1,No_Transshipment
98,2,No_Transshipment
98,3,No_Transshipment
98,4,No_Transshipment
98,5,6
98,6,6
98,7,6
98,8,6
98,9,6
98,10,6
98,11,6
98,12,6
98,13,6
98,14,6
98,15,6
98,16,6
98,17,7
98,18,7
98,19,8
98,20,9
99,0,No_Transshipment
99,1,No_Transshipment
99,2,No_Transshipment
99,3,No_Transshipment
99,4,No_Transshipment
99,5,6
99,6,6
99,7,6
99,8,6
99,9,6
99,10,6
99,11,6
99,12,6
99,13,6
99,14,6
99,15,6
99,16,6
99,17,7
99,18,7
99,19,8
99,20,9
100,0,No_Transshipment
100,1,No_Transshipment
100,2,No_Transshipment
100,3,No_Transshipment
100,4,No_Transshipment
100,5,6
100,6,6
100,7,6
100,8,6
100,9,6
100,10,6
100,11,6
100,12,6
100,13,6
100,14,6
100,15,6
100,16,6
100,17,7
100,18,7
100,19,8
100,20,9
101,0,No_Transshipment
101,1,No_Transshipment
101,2,No_Transshipment
101,3,No_Transshipment
101,4,No_Transshipment
101,5,6
101,6,6
101,7,6
101,8,6
101,9,6
101,10,6
101,11,6
101,12,6
101,13,6
101,14,6
101,15,6
101,16,6
101,17,7
101,18,7
101,19,8
101,20,9
102,0,No_Transshipment
102,1,No_Transshipment
102,2,No_Transshipment
102,3,No_Transshipment
102,4,No_Transshipment
102,5,6
102,6,6
102,7,6
102,8,6
102,9,6
102,10,6
102,11,6
102,12,6
102,13,6
102,14,6
102,15,6
102,16,6
102,17,7
102,18,7
102,19,8
102,20,9
103,0,No_Transshipment
103,1,No_Transshipment
103,2,No_Transshipment
103,3,No_Transshipment
103,4,No_Transshipment
103,5,6
103,6,6
103,7,6
103,8,6
103,9,6
103,10,6
103,11,6
103,12,6
103,13,6
103,14,6
103,15,6
103,16,6
103,17,7
103,18,7
103,19,8
103,20,9
104,0,No_Transshipment
104,1,No_Transshipment
104,2,No_Transshipment
104,3,No_Transshipment
104,4,No_Transshipment
104,5,6
104,6,6
104,7,6
104,8,6
104,9,6
104,10,6
104,11,6
104,12,6
104,13,6
104,14,6
104,15,6
104,16,6
104,17,7
104,18,7
104,19,8
104,20,9
105,0,No_Transshipment
105,1,No_Transshipment
105,2,No_Transshipment
105,3,No_Transshipment
105,4,No_Transshipment
105,5,6
105,6,6
105,7,6
105,8,6
105,9,6
105,10,6
105,11,6
105,12,6
105,13,6
105,14,6
105,15,6
105,16,6
105,17,7
105,18,7
105,19,8
105,20,9
106,0,No_Transshipment
106,1,No_Transshipment
106,2,No_Transshipment
106,3,No_Transshipment
106,4,No_Transshipment
106,5,6
106,6,6
106,7,6
106,8,6
106,9,6
106,10,6
106,11,6
106,12,6
106,13,6
106,14,6
106,15,6
106,16,6
106,17,7
106,18,7
106,19,8
106,20,9
107,0,No_Transshipment
107,1,No_Transshipment
107,2,No_Transshipment
107,3,No_Transshipment
107,4,No_Transshipment
107,5,6
107,6,6
107,7,6
107,8,6
107,9,6
107,10,6
107,11,6
107,12,6
107,13,6
107,14,6
107,15,6
107,16,7
107,17,7
107,18,7
107,19,8
107,20,9
108,0,No_Transshipment
108,1,No_Transshipment
108,2,No_Transshipment
108,3,No_Transshipment
108,4,No_Transshipment
108,5,6
108,6,6
108,7,6
108,8,6
108,9,6
108,10,6
108,11,6
108,12,6
108,13,6
108,14,6
108,15,6
108,16,7
108,17,7
108,18,7
108,19,8
108,20,9
109,0,No_Transshipment
109,1,No_Transshipment
109,2,No_Transshipment
109,3,No_Transshipment
109,4,No_Transshipment
109,5,6
109,6,6
109,7,6
109,8,6
109,9,6
109,10,6
109,11,6
109,12,6
109,13,6
109,14,6
109,15,6
109,16,7
109,17,7
109,18,7
109,19,8
109,20,9
110,0,No_Transshipment
110,1,No_Transshipment
110,2,No_Transshipment
110,3,No_Transshipment
110,4,No_Transshipment
110,5,6
110,6,6
110,7,6
110,8,6
110,9,6
110,10,6
110,11,6
110,12,6
110,13,6
110,14,6
110,15,6
110,16,7
110,17,7
110,18,7
110,19,8
110,20,9
111,0,No_Transshipment
111,1,No_Transshipment
111,2,No_Transshipment
111,3,No_Transshipment
111,4,No_Transshipment
111,5,6
111,6,6
111,7,6
111,8,6
111,9,6
111,10,6
111,11,6
111,12,6
111,13,6
111,14,6
111,15,6
111,16,7
111,17,7
111,18,7
111,19,8
111,20,9
112,0,No_Transshipment
112,1,No_Transshipment
112,2,No_Transshipment
112,3,No_Transshipment
112,4,No_Transshipment
112,5,6
112,6,6
112,7,6
112,8,6
112,9,6
112,10,6
112,11,6
112,12,6
112,13,6
112,14,6
112,15,6
112,16,7
112,17,7
112,18,7
112,19,8
112,20,9
113,0,No_Transshipment
113,1,No_Transshipment
113,2,No_Transshipment
113,3,No_Transshipment
113,4,No_Transshipment
113,5,6
113,6,6
113,7,6
113,8,6
113,9,6
113,10,6
113,11,6
113,12,6
113,13,6
113,14,6
113,15,6
113,16,7
113,17,7
113,18,7
113,19,8
113,20,9
114,0,No_Transshipment
114,1,No_Transshipment
114,2,No_Transshipment
114,3,No_Transshipment
114,4,No_Transshipment
114,5,6
114,6,6
114,7,6
114,8,6
114,9,6
114,10,6
114,11,6
114,12,6
114,13,6
114,14,6
114,15,6
114,16,7
114,17,7
114,18,7
114,19,8
114,20,9
115,0,No_Transshipment
115,1,No_Transshipment
115,2,No_Transshipment
115,3,No_Transshipment
115,4,No_Transshipment
115,5,6
115,6,6
115,7,6
115,8,6
115,9,6
115,10,6
115,11,6
115,12,6
115,13,6
115,14,6
115,15,6
115,16,7
115,17,7
115,18,7
115,19,8
115,20,9
116,0,No_Transshipment
116,1,No_Transshipment
116,2,No_Transshipment
116,3,No_Transshipment
116,4,No_Transshipment
116,5,6
116,6,6
116,7,6
116,8,6
116,9,6
116,10,6
116,11,6
116,12,6
116,13,6
116,14,6
116,15,6
116,16,7
116,17,7
116,18,7
116,19,8
116,20,9
117,0,No_Transshipment
117,1,No_Transshipment
117,2,No_Transshipment
117,3,No_Transshipment
117,4,No_Transshipment
117,5,6
117,6,6
117,7,6
117,8,6
117,9,6
117,10,6
117,11,6
117,12,6
117,13,6
117,14,6
117,15,6
117,16,7
117,17,7
117,18,7
117,19,8
117,20,9
118,0,No_Transshipment
118,1,No_Transshipment
118,2,No_Transshipment
118,3,No_Transshipment
118,4,No_Transshipment
118,5,6
118,6,6
118,7,6
118,8,6
118,9,6
118,10,6
118,11,6
118,12,6
118,13,6
118,14,6
118,15,6
118,16,7
118,17,7
118,18,7
118,19,8
118,20,9
119,0,No_Transshipment
119,1,No_Transshipment
119,2,No_Transshipment
119,3,No_Transshipment
119,4,No_Transshipment
119,5,6
119,6,6
119,7,6
119,8,6
119,9,6
119,10,6
119,11,6
119,12,6
119,13,6
119,14,6
119,15,6
119,16,7
119,17,7
119,18,7
119,19,8
119,20,9
120,0,No_Transshipment
120,1,No_Transshipment
120,2,No_Transshipment
120,3,No_Transshipment
120,4,No_Transshipment
120,5,6
120,6,6
120,7,6
120,8,6
120,9,6
120,10,6
120,11,6
120,12,6
120,13,6
120,14,6
120,15,6
120,16,7
120,17,7
120,18,7
120,19,8
120,20,9
121,0,No_Transshipment
121,1,No_Transshipment
121,2,No_Transshipment
121,3,No_Transshipment
121,4,No_Transshipment
121,5,6
121,6,6
121,7,6
121,8,6
121,9,6
121,10,6
121,11,6
121,12,6
121,13,6
121,14,6
121,15,6
121,16,7
121,17,7
121,18,7
121,19,8
121,20,9
122,0,No_Transshipment
122,1,No_Transshipment
122,2,No_Transshipment
122,3,No_Transshipment
122,4,No_Transshipment
122,5,7
122,6,6
122,7,6
122,8,6
122,9,6
122,10,6
122,11,6
122,12,6
122,13,6
122,14,6
122,15,6
122,16,7
122,17,7
122,18,7
122,19,8
122,20,9
123,0,No_Transshipment
123,1,No_Transshipment
123,2,No_Transshipment
123,3,No_Transshipment
123,4,No_Transshipment
123,5,7
123,6,6
123,7,6
123,8,6
123,9,6
123,10,6
123,11,6
123,12,6
123,13,6
123,14,6
123,15,7
123,16,7
123,17,7
123,18,7
123,19,8
123,20,9
124,0,No_Transshipment
124,1,No_Transshipment
124,2,No_Transshipment
124,3,No_Transshipment
124,4,No_Transshipment
124,5,7
124,6,6
124,7,6
124,8,6
124,9,6
124,10,6
124,11,6
124,12,6
124,13,6
124,14,6
124,15,7
124,16,7
124,17,7
124,18,7
124,19,8
124,20,9
125,0,No_Transshipment
125,1,No_Transshipment
125,2,No_Transshipment
125,3,No_Transshipment
125,4,No_Transshipment
125,5,7
125,6,6
125,7,6
125,8,6
125,9,6
125,10,6
125,11,6
125,12,6
125,13,6
125,14,6
125,15,7
125,16,7
125,17,7
125,18,8
125,19,8
125,20,9
126,0,No_Transshipment
126,1,No_Transshipment
126,2,No_Transshipment
126,3,No_Transshipment
126,4,No_Transshipment
126,5,7
126,6,6
126,7,6
126,8,6
126,9,6
126,10,6
126,11,6
126,12,6
126,13,6
126,14,6
126,15,7
126,16,7
126,17,7
126,18,8
126,19,8
126,20,9
127,0,No_Transshipment
127,1,No_Transshipment
127,2,No_Transshipment
127,3,No_Transshipment
127,4,No_Transshipment
127,5,7
127,6,6
127,7,6
127,8,6
127,9,6
127,10,6
127,11,6
127,12,6
127,13,6
127,14,6
127,15,7
127,16,7
127,17,7
127,18,8
127,19,8
127,20,9
128,0,No_Transshipment
128,1,No_Transshipment
128,2,No_Transshipment
128,3,No_Transshipment
128,4,No_Transshipment
128,5,7
128,6,6
128,7,6
128,8,6
128,9,6
128,10,6
128,11,6
128,12,6
128,13,6
128,14,7
128,15,7
128,16,7
128,17,7
128,18,8
128,19,8
128,20,9
129,0,No_Transshipment
129,1,No_Transshipment
129,2,No_Transshipment
129,3,No_Transshipment
129,4,No_Transshipment
129,5,7
129,6,6
129,7,6
129,8,6
129,9,6
129,10,6
129,11,6
129,12,6
129,13,6
129,14,7
129,15,7
129,16,7
129,17,7
129,18,8
129,19,8
129,20,9
130,0,No_Transshipment
130,1,No_Transshipment
130,2,No_Transshipment
130,3,No_Transshipment
130,4,No_Transshipment
130,5,7
130,6,6
130,7,6
130,8,6
130,9,6
130,10,6
130,11,6
130,12,6
130,13,7
130,14,7
130,15,7
130,16,7
130,17,7
130,18,8
130,19,8
130,20,9
131,0,No_Transshipment
131,1,No_Transshipment
131,2,No_Transshipment
131,3,No_Transshipment
131,4,No_Transshipment
131,5,7
131,6,6
131,7,6
131,8,6
131,9,7
131,10,7
131,11,7
131,12,7
131,13,7
131,14,7
131,15,7
131,16,7
131,17,7
131,18,8
131,19,8
131,20,9
132,0,No_Transshipment
132,1,No_Transshipment
132,2,No_Transshipment
132,3,No_Transshipment
132,4,No_Transshipment
132,5,7
132,6,7
132,7,7
132,8,7
132,9,7
132,10,7
132,11,7
132,12,7
132,13,7
132,14,7
132,15,7
132,16,7
132,17,7
132,18,8
132,19,8
132,20,9
133,0,No_Transshipment
133,1,No_Transshipment
133,2,No_Transshipment
133,3,No_Transshipment
133,4,No_Transshipment
133,5,7
133,6,7
133,7,7
133,8,7
133,9,7
133,10,7
133,11,7
133,12,7
133,13,7
133,14,7
133,15,7
133,16,7
133,17,7
133,18,8
133,19,8
133,20,9
134,0,No_Transshipment
134,1,No_Transshipment
134,2,No_Transshipment
134,3,No_Transshipment
134,4,No_Transshipment
134,5,7
134,6,7
134,7,7
134,8,7
134,9,7
134,10,7
134,11,7
134,12,7
134,13,7
134,14,7
134,15,7
134,16,7
134,17,7
134,18,8
134,19,8
134,20,9
135,0,No_Transshipment
135,1,No_Transshipment
135,2,No_Transshipment
135,3,No_Transshipment
135,4,No_Transshipment
135,5,7
135,6,7
135,7,7
135,8,7
135,9,7
135,10,7
135,11,7
135,12,7
135,13,7
135,14,7
135,15,7
135,16,7
135,17,7
135,18,8
135,19,8
135,20,9
136,0,No_Transshipment
136,1,No_Transshipment
136,2,No_Transshipment
136,3,No_Transshipment
136,4,No_Transshipment
136,5,7
136,6,7
136,7,7
136,8,7
136,9,7
136,10,7
136,11,7
136,12,7
136,13,7
136,14,7
136,15,7
136,16,7
136,17,7
136,18,8
136,19,8
136,20,9
137,0,No_Transshipment
137,1,No_Transshipment
137,2,No_Transshipment
137,3,No_Transshipment
137,4,No_Transshipment
137,5,8
137,6,7
137,7,7
137,8,7
137,9,7
137,10,7
137,11,7
137,12,7
137,13,7
137,14,7
137,15,7
137,16,7
137,17,7
137,18,8
137,19,8
137,20,9
138,0,No_Transshipment
138,1,No_Transshipment
138,2,No_Transshipment
138,3,No_Transshipment
138,4,No_Transshipment
138,5,8
138,6,7
138,7,7
138,8,7
138,9,7
138,10,7
138,11,7
138,12,7
138,13,7
138,14,7
138,15,7
138,16,7
138,17,7
138,18,8
138,19,8
138,20,9
139,0,No_Transshipment
139,1,No_Transshipment
139,2,No_Transshipment
139,3,No_Transshipment
139,4,No_Transshipment
139,5,8
139,6,7
139,7,7
139,8,7
139,9,7
139,10,7
139,11,7
139,12,7
139,13,7
139,14,7
139,15,7
139,16,7
139,17,7
139,18,8
139,19,8
139,20,9
140,0,No_Transshipment
140,1,No_Transshipment
140,2,No_Transshipment
140,3,No_Transshipment
140,4,No_Transshipment
140,5,No_Transshipment
140,6,7
140,7,7
140,8,7
140,9,7
140,10,7
140,11,7
140,12,7
140,13,7
140,14,7
140,15,7
140,16,7
140,17,7
140,18,8
140,19,8
140,20,9
141,0,No_Transshipment
141,1,No_Transshipment
141,2,No_Transshipment
141,3,No_Transshipment
141,4,No_Transshipment
141,5,No_Transshipment
141,6,7
141,7,7
141,8,7
141,9,7
141,10,7
141,11,7
141,12,7
141,13,7
141,14,7
141,15,7
141,16,7
141,17,7
141,18,8
141,19,8
141,20,9
142,0,No_Transshipment
142,1,No_Transshipment
142,2,No_Transshipment
142,3,No_Transshipment
142,4,No_Transshipment
142,5,No_Transshipment
142,6,7
142,7,7
142,8,7
142,9,7
142,10,7
142,11,7
142,12,7
142,13,7
142,14,7
142,15,7
142,16,7
142,17,7
142,18,8
142,19,8
142,20,9
143,0,No_Transshipment
143,1,No_Transshipment
143,2,No_Transshipment
143,3,No_Transshipment
143,4,No_Transshipment
143,5,No_Transshipment
143,6,7
143,7,7
143,8,7
143,9,7
143,10,7
143,11,7
143,12,7
143,13,7
143,14,7
143,15,7
143,16,7
143,17,7
143,18,8
143,19,8
143,20,9
144,0,No_Transshipment
144,1,No_Transshipment
144,2,No_Transshipment
144,3,No_Transshipment
144,4,No_Transshipment
144,5,No_Transshipment
144,6,7
144,7,7
144,8,7
144,9,7
144,10,7
144,11,7
144,12,7
144,13,7
144,14,7
144,15,7
144,16,7
144,17,7
144,18,8
144,19,8
144,20,9
145,0,No_Transshipment
145,1,No_Transshipment
145,2,No_Transshipment
145,3,No_Transshipment
145,4,No_Transshipment
145,5,No_Transshipment
145,6,7
145,7,7
145,8,7
145,9,7
145,10,7
145,11,7
145,12,7
145,13,7
145,14,7
145,15,7
145,16,7
145,17,7
145,18,8
145,19,8
145,20,9
146,0,No_Transshipment
146,1,No_Transshipment
146,2,No_Transshipment
146,3,No_Transshipment
146,4,No_Transshipment
146,5,No_Transshipment
146,6,7
146,7,7
146,8,7
146,9,7
146,10,7
146,11,7
146,12,7
146,13,7
146,14,7
146,15,7
146,16,7
146,17,7
146,18,8
146,19,8
146,20,9
147,0,No_Transshipment
147,1,No_Transshipment
147,2,No_Transshipment
147,3,No_Transshipment
147,4,No_Transshipment
147,5,No_Transshipment
147,6,7
147,7,7
147,8,7
147,9,7
147,10,7
147,11,7
147,12,7
147,13,7
147,14,7
147,15,7
147,16,7
147,17,7
147,18,8
147,19,9
147,20,9
148,0,No_Transshipment
148,1,No_Transshipment
148,2,No_Transshipment
148,3,No_Transshipment
148,4,No_Transshipment
148,5,No_Transshipment
148,6,7
148,7,7
148,8,7
148,9,7
148,10,7
148,11,7
148,12,7
148,13,7
148,14,7
148,15,7
148,16,7
148,17,7
148,18,8
148,19,9
148,20,9
149,0,No_Transshipment
149,1,No_Transshipment
149,2,No_Transshipment
149,3,No_Transshipment
149,4,No_Transshipment
149,5,No_Transshipment
149,6,7
149,7,7
149,8,7
149,9,7
149,10,7
149,11,7
149,12,7
149,13,7
149,14,7
149,15,7
149,16,7
149,17,7
149,18,8
149,19,9
149,20,9
150,0,No_Transshipment
150,1,No_Transshipment
150,2,No_Transshipment
150,3,No_Transshipment
150,4,No_Transshipment
150,5,No_Transshipment
150,6,7
150,7,7
150,8,7
150,9,7
150,10,7
150,11,7
150,12,7
150,13,7
150,14,7
150,15,7
150,16,7
150,17,8
150,18,8
150,19,9
150,20,10
151,0,No_Transshipment
151,1,No_Transshipment
151,2,No_Transshipment
151,3,No_Transshipment
151,4,No_Transshipment
151,5,No_Transshipment
151,6,7
151,7,7
151,8,7
151,9,7
151,10,7
151,11,7
151,12,7
151,13,7
151,14,7
151,15,7
151,16,7
151,17,8
151,18,8
151,19,9
151,20,10
152,0,No_Transshipment
152,1,No_Transshipment
152,2,No_Transshipment
152,3,No_Transshipment
152,4,No_Transshipment
152,5,No_Transshipment
152,6,7
152,7,7
152,8,7
152,9,7
152,10,7
152,11,7
152,12,7
152,13,7
152,14,7
152,15,7
152,16,7
152,17,8
152,18,8
152,19,9
152,20,10
153,0,No_Transshipment
153,1,No_Transshipment
153,2,No_Transshipment
153,3,No_Transshipment
153,4,No_Transshipment
153,5,No_Transshipment
153,6,7
153,7,7
153,8,7
153,9,7
153,10,7
153,11,7
153,12,7
153,13,7
153,14,7
153,15,7
153,16,7
153,17,8
153,18,8
153,19,9
153,20,10
154,0,No_Transshipment
154,1,No_Transshipment
154,2,No_Transshipment
154,3,No_Transshipment
154,4,No_Transshipment
154,5,No_Transshipment
154,6,7
154,7,7
154,8,7
154,9,7
154,10,7
154,11,7
154,12,7
154,13,7
154,14,7
154,15,7
154,16,7
154,17,8
154,18,8
154,19,9
154,20,10
155,0,No_Transshipment
155,1,No_Transshipment
155,2,No_Transshipment
155,3,No_Transshipment
155,4,No_Transshipment
155,5,No_Transshipment
155,6,7
155,7,7
155,8,7
155,9,7
155,10,7
155,11,7
155,12,7
155,13,7
155,14,7
155,15,7
155,16,7
155,17,8
155,18,8
155,19,9
155,20,10
156,0,No_Transshipment
156,1,No_Transshipment
156,2,No_Transshipment
156,3,No_Transshipment
156,4,No_Transshipment
156,5,No_Transshipment
156,6,7
156,7,7
156,8,7
156,9,7
156,10,7
156,11,7
156,12,7
156,13,7
156,14,7
156,15,7
156,16,7
156,17,8
156,18,8
156,19,9
156,20,10
157,0,No_Transshipment
157,1,No_Transshipment
157,2,No_Transshipment
157,3,No_Transshipment
157,4,No_Transshipment
157,5,No_Transshipment
157,6,8
157,7,7
157,8,7
157,9,7
157,10,7
157,11,7
157,12,7
157,13,7
157,14,7
157,15,7
157,16,7
157,17,8
157,18,8
157,19,9
157,20,10
158,0,No_Transshipment
158,1,No_Transshipment
158,2,No_Transshipment
158,3,No_Transshipment
158,4,No_Transshipment
158,5,No_Transshipment
158,6,8
158,7,7
158,8,7
158,9,7
158,10,7
158,11,7
158,12,7
158,13,7
158,14,7
158,15,7
158,16,8
158,17,8
158,18,8
158,19,9
158,20,10
159,0,No_Transshipment
159,1,No_Transshipment
159,2,No_Transshipment
159,3,No_Transshipment
159,4,No_Transshipment
159,5,No_Transshipment
159,6,8
159,7,7
159,8,7
159,9,7
159,10,7
159,11,7
159,12,7
159,13,7
159,14,7
159,15,7
159,16,8
159,17,8
159,18,8
159,19,9
159,20,10
160,0,No_Transshipment
160,1,No_Transshipment
160,2,No_Transshipment
160,3,No_Transshipment
160,4,No_Transshipment
160,5,No_Transshipment
160,6,8
160,7,7
160,8,7
160,9,7
160,10,7
160,11,7
160,12,7
160,13,7
160,14,7
160,15,7
160,16,8
160,17,8
160,18,8
160,19,9
160,20,10
161,0,No_Transshipment
161,1,No_Transshipment
161,2,No_Transshipment
161,3,No_Transshipment
161,4,No_Transshipment
161,5,No_Transshipment
161,6,8
161,7,7
161,8,7
161,9,7
161,10,7
161,11,7
161,12,7
161,13,7
161,14,7
161,15,8
161,16,8
161,17,8
161,18,8
161,19,9
161,20,10
162,0,No_Transshipment
162,1,No_Transshipment
162,2,No_Transshipment
162,3,No_Transshipment
162,4,No_Transshipment
162,5,No_Transshipment
162,6,8
162,7,8
162,8,8
162,9,8
162,10,8
162,11,8
162,12,8
162,13,8
162,14,8
162,15,8
162,16,8
162,17,8
162,18,8
162,19,9
162,20,10
163,0,No_Transshipment
163,1,No_Transshipment
163,2,No_Transshipment
163,3,No_Transshipment
163,4,No_Transshipment
163,5,No_Transshipment
163,6,8
163,7,8
163,8,8
163,9,8
163,10,8
163,11,8
163,12,8
163,13,8
163,14,8
163,15,8
163,16,8
163,17,8
163,18,8
163,19,9
163,20,10
164,0,No_Transshipment
164,1,No_Transshipment
164,2,No_Transshipment
164,3,No_Transshipment
164,4,No_Transshipment
164,5,No_Transshipment
164,6,9
164,7,8
164,8,8
164,9,8
164,10,8
164,11,8
164,12,8
164,13,8
164,14,8
164,15,8
164,16,8
164,17,8
164,18,8
164,19,9
164,20,10
165,0,No_Transshipment
165,1,No_Transshipment
165,2,No_Transshipment
165,3,No_Transshipment
165,4,No_Transshipment
165,5,No_Transshipment
165,6,9
165,7,8
165,8,8
165,9,8
165,10,8
165,11,8
165,12,8
165,13,8
165,14,8
165,15,8
165,16,8
165,17,8
165,18,8
165,19,9
165,20,10
166,0,No_Transshipment
166,1,No_Transshipment
166,2,No_Transshipment
166,3,No_Transshipment
166,4,No_Transshipment
166,5,No_Transshipment
166,6,No_Transshipment
166,7,8
166,8,8
166,9,8
166,10,8
166,11,8
166,12,8
166,13,8
166,14,8
166,15,8
166,16,8
166,17,8
166,18,8
166,19,9
166,20,10
167,0,No_Transshipment
167,1,No_Transshipment
167,2,No_Transshipment
167,3,No_Transshipment
167,4,No_Transshipment
167,5,No_Transshipment
167,6,No_Transshipment
167,7,8
167,8,8
167,9,8
167,10,8
167,11,8
167,12,8
167,13,8
167,14,8
167,15,8
167,16,8
167,17,8
167,18,8
167,19,9
167,20,10
168,0,No_Transshipment
168,1,No_Transshipment
168,2,No_Transshipment
168,3,No_Transshipment
168,4,No_Transshipment
168,5,No_Transshipment
168,6,No_Transshipment
168,7,8
168,8,8
168,9,8
168,10,8
168,11,8
168,12,8
168,13,8
168,14,8
168,15,8
168,16,8
168,17,8
168,18,8
168,19,9
168,20,10
169,0,No_Transshipment
169,1,No_Transshipment
169,2,No_Transshipment
169,3,No_Transshipment
169,4,No_Transshipment
169,5,No_Transshipment
169,6,No_Transshipment
169,7,8
169,8,8
169,9,8
169,10,8
169,11,8
169,12,8
169,13,8
169,14,8
169,15,8
169,16,8
169,17,8
169,18,9
169,19,9
169,20,10
170,0,No_Transshipment
170,1,No_Transshipment
170,2,No_Transshipment
170,3,No_Transshipment
170,4,No_Transshipment
170,5,No_Transshipment
170,6,No_Transshipment
170,7,8
170,8,8
170,9,8
170,10,8
170,11,8
170,12,8
170,13,8
170,14,8
170,15,8
170,16,8
170,17,8
170,18,9
170,19,9
170,20,10
171,0,No_Transshipment
171,1,No_Transshipment
171,2,No_Transshipment
171,3,No_Transshipment
171,4,No_Transshipment
171,5,No_Transshipment
171,6,No_Transshipment
171,7,8
171,8,8
171,9,8
171,10,8
171,11,8
171,12,8
171,13,8
171,14,8
171,15,8
171,16,8
171,17,8
171,18,9
171,19,9
171,20,10
172,0,No_Transshipment
172,1,No_Transshipment
172,2,No_Transshipment
172,3,No_Transshipment
172,4,No_Transshipment
172,5,No_Transshipment
172,6,No_Transshipment
172,7,8
172,8,8
172,9,8
172,10,8
172,11,8
172,12,8
172,13,8
172,14,8
172,15,8
172,16,8
172,17,8
172,18,9
172,19,9
172,20,10
173,0,No_Transshipment
173,1,No_Transshipment
173,2,No_Transshipment
173,3,No_Transshipment
173,4,No_Transshipment
173,5,No_Transshipment
173,6,No_Transshipment
173,7,8
173,8,8
173,9,8
173,10,8
173,11,8
173,12,8
173,13,8
173,14,8
173,15,8
173,16,8
173,17,8
173,18,9
173,19,9
173,20,10
174,0,No_Transshipment
174,1,No_Transshipment
174,2,No_Transshipment
174,3,No_Transshipment
174,4,No_Transshipment
174,5,No_Transshipment
174,6,No_Transshipment
174,7,8
174,8,8
174,9,8
174,10,8
174,11,8
174,12,8
174,13,8
174,14,8
174,15,8
174,16,8
174,17,8
174,18,9
174,19,9
174,20,10
175,0,No_Transshipment
175,1,No_Transshipment
175,2,No_Transshipment
175,3,No_Transshipment
175,4,No_Transshipment
175,5,No_Transshipment
175,6,No_Transshipment
175,7,8
175,8,8
175,9,8
175,10,8
175,11,8
175,12,8
175,13,8
175,14,8
175,15,8
175,16,8
175,17,8
175,18,9
175,19,9
175,20,10
176,0,No_Transshipment
176,1,No_Transshipment
176,2,No_Transshipment
176,3,No_Transshipment
176,4,No_Transshipment
176,5,No_Transshipment
176,6,No_Transshipment
176,7,8
176,8,8
176,9,8
176,10,8
176,11,8
176,12,8
176,13,8
176,14,8
176,15,8
176,16,8
176,17,9
176,18,9
176,19,9
176,20,10
177,0,No_Transshipment
177,1,No_Transshipment
177,2,No_Transshipment
177,3,No_Transshipment
177,4,No_Transshipment
177,5,No_Transshipment
177,6,No_Transshipment
177,7,9
177,8,8
177,9,8
177,10,8
177,11,8
177,12,8
177,13,8
177,14,8
177,15,8
177,16,8
177,17,9
177,18,9
177,19,10
177,20,10
178,0,No_Transshipment
178,1,No_Transshipment
178,2,No_Transshipment
178,3,No_Transshipment
178,4,No_Transshipment
178,5,No_Transshipment
178,6,No_Transshipment
178,7,9
178,8,8
178,9,8
178,10,8
178,11,8
178,12,8
178,13,8
178,14,8
178,15,8
178,16,8
178,17,9
178,18,9
178,19,10
178,20,10
179,0,No_Transshipment
179,1,No_Transshipment
179,2,No_Transshipment
179,3,No_Transshipment
179,4,No_Transshipment
179,5,No_Transshipment
179,6,No_Transshipment
179,7,9
179,8,8
179,9,8
179,10,8
179,11,8
179,12,8
179,13,8
179,14,8
179,15,8
179,16,9
179,17,9
179,18,9
179,19,10
179,20,11
180,0,No_Transshipment
180,1,No_Transshipment
180,2,No_Transshipment
180,3,No_Transshipment
180,4,No_Transshipment
180,5,No_Transshipment
180,6,No_Transshipment
180,7,9
180,8,8
180,9,8
180,10,8
180,11,8
180,12,8
180,13,8
180,14,8
180,15,9
180,16,9
180,17,9
180,18,9
180,19,10
180,20,11
181,0,No_Transshipment
181,1,No_Transshipment
181,2,No_Transshipment
181,3,No_Transshipment
181,4,No_Transshipment
181,5,No_Transshipment
181,6,No_Transshipment
181,7,10
181,8,9
181,9,9
181,10,9
181,11,9
181,12,9
181,13,9
181,14,9
181,15,9
181,16,9
181,17,9
181,18,9
181,19,10
181,20,11
182,0,No_Transshipment
182,1,No_Transshipment
182,2,No_Transshipment
182,3,No_Transshipment
182,4,No_Transshipment
182,5,No_Transshipment
182,6,No_Transshipment
182,7,10
182,8,9
182,9,9
182,10,9
182,11,9
182,12,9
182,13,9
182,14,9
182,15,9
182,16,9
182,17,9
182,18,9
182,19,10
182,20,11
183,0,No_Transshipment
183,1,No_Transshipment
183,2,No_Transshipment
183,3,No_Transshipment
183,4,No_Transshipment
183,5,No_Transshipment
183,6,No_Transshipment
183,7,No_Transshipment
183,8,9
183,9,9
183,10,9
183,11,9
183,12,9
183,13,9
183,14,9
183,15,9
183,16,9
183,17,9
183,18,9
183,19,10
183,20,11
184,0,No_Transshipment
184,1,No_Transshipment
184,2,No_Transshipment
184,3,No_Transshipment
184,4,No_Transshipment
184,5,No_Transshipment
184,6,No_Transshipment
184,7,No_Transshipment
184,8,9
184,9,9
184,10,9
184,11,9
184,12,9
184,13,9
184,14,9
184,15,9
184,16,9
184,17,9
184,18,9
184,19,10
184,20,11
185,0,No_Transshipment
185,1,No_Transshipment
185,2,No_Transshipment
185,3,No_Transshipment
185,4,No_Transshipment
185,5,No_Transshipment
185,6,No_Transshipment
185,7,No_Transshipment
185,8,9
185,9,9
185,10,9
185,11,9
185,12,9
185,13,9
185,14,9
185,15,9
185,16,9
185,17,9
185,18,9
185,19,10
185,20,11
186,0,No_Transshipment
186,1,No_Transshipment
186,2,No_Transshipment
186,3,No_Transshipment
186,4,No_Transshipment
186,5,No_Transshipment
186,6,No_Transshipment
186,7,No_Transshipment
186,8,9
186,9,9
186,10,9
186,11,9
186,12,9
186,13,9
186,14,9
186,15,9
186,16,9
186,17,9
186,18,9
186,19,10
186,20,11
187,0,No_Transshipment
187,1,No_Transshipment
187,2,No_Transshipment
187,3,No_Transshipment
187,4,No_Transshipment
187,5,No_Transshipment
187,6,No_Transshipment
187,7,No_Transshipment
187,8,9
187,9,9
187,10,9
187,11,9
187,12,9
187,13,9
187,14,9
187,15,9
187,16,9
187,17,9
187,18,10
187,19,10
187,20,11
188,0,No_Transshipment
188,1,No_Transshipment
188,2,No_Transshipment
188,3,No_Transshipment
188,4,No_Transshipment
188,5,No_Transshipment
188,6,No_Transshipment
188,7,No_Transshipment
188,8,9
188,9,9
188,10,9
188,11,9
188,12,9
188,13,9
188,14,9
188,15,9
188,16,9
188,17,9
188,18,10
188,19,10
188,20,11
189,0,No_Transshipment
189,1,No_Transshipment
189,2,No_Transshipment
189,3,No_Transshipment
189,4,No_Transshipment
189,5,No_Transshipment
189,6,No_Transshipment
189,7,No_Transshipment
189,8,9
189,9,9
189,10,9
189,11,9
189,12,9
189,13,9
189,14,9
189,15,9
189,16,9
189,17,9
189,18,10
189,19,10
189,20,11
190,0,No_Transshipment
190,1,No_Transshipment
190,2,No_Transshipment
190,3,No_Transshipment
190,4,No_Transshipment
190,5,No_Transshipment
190,6,No_Transshipment
190,7,No_Transshipment
190,8,10
190,9,9
190,10,9
190,11,9
190,12,9
190,13,9
190,14,9
190,15,9
190,16,9
190,17,9
190,18,10
190,19,10
190,20,11
191,0,No_Transshipment
191,1,No_Transshipment
191,2,No_Transshipment
191,3,No_Transshipment
191,4,No_Transshipment
191,5,No_Transshipment
191,6,No_Transshipment
191,7,No_Transshipment
191,8,10
191,9,9
191,10,9
191,11,9
191,12,9
191,13,9
191,14,9
191,15,9
191,16,9
191,17,10
191,18,10
191,19,10
191,20,11
192,0,No_Transshipment
192,1,No_Transshipment
192,2,No_Transshipment
192,3,No_Transshipment
192,4,No_Transshipment
192,5,No_Transshipment
192,6,No_Transshipment
192,7,No_Transshipment
192,8,10
192,9,9
192,10,9
192,11,9
192,12,9
192,13,9
192,14,9
192,15,9
192,16,10
192,17,10
192,18,10
192,19,10
192,20,11
193,0,No_Transshipment
193,1,No_Transshipment
193,2,No_Transshipment
193,3,No_Transshipment
193,4,No_Transshipment
193,5,No_Transshipment
193,6,No_Transshipment
193,7,No_Transshipment
193,8,11
193,9,10
193,10,10
193,11,10
193,12,10
193,13,10
193,14,10
193,15,10
193,16,10
193,17,10
193,18,10
193,19,11
193,20,11
194,0,No_Transshipment
194,1,No_Transshipment
194,2,No_Transshipment
194,3,No_Transshipment
194,4,No_Transshipment
194,5,No_Transshipment
194,6,No_Transshipment
194,7,No_Transshipment
194,8,No_Transshipment
194,9,10
194,10,10
194,11,10
194,12,10
194,13,10
194,14,10
194,15,10
194,16,10
194,17,10
194,18,10
194,19,11
194,20,12
195,0,No_Transshipment
195,1,No_Transshipment
195,2,No_Transshipment
195,3,No_Transshipment
195,4,No_Transshipment
195,5,No_Transshipment
195,6,No_Transshipment
195,7,No_Transshipment
195,8,No_Transshipment
195,9,10
195,10,10
195,11,10
195,12,10
195,13,10
195,14,10
195,15,10
195,16,10
195,17,10
195,18,10
195,19,11
195,20,12
196,0,No_Transshipment
196,1,No_Transshipment
196,2,No_Transshipment
196,3,No_Transshipment
196,4,No_Transshipment
196,5,No_Transshipment
196,6,No_Transshipment
196,7,No_Transshipment
196,8,No_Transshipment
196,9,10
196,10,10
196,11,10
196,12,10
196,13,10
196,14,10
196,15,10
196,16,10
196,17,10
196,18,10
196,19,11
196,20,12
197,0,No_Transshipment
197,1,No_Transshipment
197,2,No_Transshipment
197,3,No_Transshipment
197,4,No_Transshipment
197,5,No_Transshipment
197,6,No_Transshipment
197,7,No_Transshipment
197,8,No_Transshipment
197,9,10
197,10,10
197,11,10
197,12,10
197,13,10
197,14,10
197,15,10
197,16,10
197,17,10
197,18,10
197,19,11
197,20,12
198,0,No_Transshipment
198,1,No_Transshipment
198,2,No_Transshipment
198,3,No_Transshipment
198,4,No_Transshipment
198,5,No_Transshipment
198,6,No_Transshipment
198,7,No_Transshipment
198,8,No_Transshipment
198,9,10
198,10,10
198,11,10
198,12,10
198,13,10
198,14,10
198,15,10
198,16,10
198,17,10
198,18,10
198,19,11
198,20,12
199,0,No_Transshipment
199,1,No_Transshipment
199,2,No_Transshipment
199,3,No_Transshipment
199,4,No_Transshipment
199,5,No_Transshipment
199,6,No_Transshipment
199,7,No_Transshipment
199,8,No_Transshipment
199,9,10
199,10,10
199,11,10
199,12,10
199,13,10
199,14,10
199,15,10
199,16,10
199,17,10
199,18,11
199,19,11
199,20,12
200,0,No_Transshipment
200,1,No_Transshipment
200,2,No_Transshipment
200,3,No_Transshipment
200,4,No_Transshipment
200,5,No_Transshipment
200,6,No_Transshipment
200,7,No_Transshipment
200,8,No_Transshipment
200,9,11
200,10,10
200,11,10
200,12,10
200,13,10
200,14,10
200,15,10
200,16,10
200,17,10
200,18,11
200,19,11
200,20,12
201,0,No_Transshipment
201,1,No_Transshipment
201,2,No_Transshipment
201,3,No_Transshipment
201,4,No_Transshipment
201,5,No_Transshipment
201,6,No_Transshipment
201,7,No_Transshipment
201,8,No_Transshipment
201,9,11
201,10,10
201,11,10
201,12,10
201,13,10
201,14,10
201,15,10
201,16,10
201,17,11
201,18,11
201,19,11
201,20,12
202,0,No_Transshipment
202,1,No_Transshipment
202,2,No_Transshipment
202,3,No_Transshipment
202,4,No_Transshipment
202,5,No_Transshipment
202,6,No_Transshipment
202,7,No_Transshipment
202,8,No_Transshipment
202,9,12
202,10,11
202,11,11
202,12,11
202,13,11
202,14,11
202,15,11
202,16,11
202,17,11
202,18,11
202,19,11
202,20,12
203,0,No_Transshipment
203,1,No_Transshipment
203,2,No_Transshipment
203,3,No_Transshipment
203,4,No_Transshipment
203,5,No_Transshipment
203,6,No_Transshipment
203,7,No_Transshipment
203,8,No_Transshipment
203,9,No_Transshipment
203,10,11
203,11,11
203,12,11
203,13,11
203,14,11
203,15,11
203,16,11
203,17,11
203,18,11
203,19,12
203,20,12
204,0,No_Transshipment
204,1,No_Transshipment
204,2,No_Transshipment
204,3,No_Transshipment
204,4,No_Transshipment
204,5,No_Transshipment
204,6,No_Transshipment
204,7,No_Transshipment
204,8,No_Transshipment
204,9,No_Transshipment
204,10,11
204,11,11
204,12,11
204,13,11
204,14,11
204,15,11
204,16,11
204,17,11
204,18,11
204,19,12
204,20,13
205,0,No_Transshipment
205,1,No_Transshipment
205,2,No_Transshipment
205,3,No_Transshipment
205,4,No_Transshipment
205,5,No_Transshipment
205,6,No_Transshipment
205,7,No_Transshipment
205,8,No_Transshipment
205,9,No_Transshipment
205,10,11
205,11,11
205,12,11
205,13,11
205,14,11
205,15,11
205,16,11
205,17,11
205,18,11
205,19,12
205,20,13
206,0,No_Transshipment
206,1,No_Transshipment
206,2,No_Transshipment
206,3,No_Transshipment
206,4,No_Transshipment
206,5,No_Transshipment
206,6,No_Transshipment
206,7,No_Transshipment
206,8,No_Transshipment
206,9,No_Transshipment
206,10,11
206,11,11
206,12,11
206,13,11
206,14,11
206,15,11
206,16,11
206,17,11
206,18,11
206,19,12
206,20,13
207,0,No_Transshipment
207,1,No_Transshipment
207,2,No_Transshipment
207,3,No_Transshipment
207,4,No_Transshipment
207,5,No_Transshipment
207,6,No_Transshipment
207,7,No_Transshipment
207,8,No_Transshipment
207,9,No_Transshipment
207,10,11
207,11,11
207,12,11
207,13,11
207,14,11
207,15,11
207,16,11
207,17,11
207,18,12
207,19,12
207,20,13
208,0,No_Transshipment
208,1,No_Transshipment
208,2,No_Transshipment
208,3,No_Transshipment
208,4,No_Transshipment
208,5,No_Transshipment
208,6,No_Transshipment
208,7,No_Transshipment
208,8,No_Transshipment
208,9,No_Transshipment
208,10,12
208,11,11
208,12,11
208,13,11
208,14,11
208,15,11
208,16,11
208,17,11
208,18,12
208,19,12
208,20,13
209,0,No_Transshipment
209,1,No_Transshipment
209,2,No_Transshipment
209,3,No_Transshipment
209,4,No_Transshipment
209,5,No_Transshipment
209,6,No_Transshipment
209,7,No_Transshipment
209,8,No_Transshipment
209,9,No_Transshipment
209,10,13
209,11,11
209,12,11
209,13,11
209,14,11
209,15,11
209,16,12
209,17,12
209,18,12
209,19,12
209,20,13
210,0,No_Transshipment
210,1,No_Transshipment
210,2,No_Transshipment
210,3,No_Transshipment
210,4,No_Transshipment
210,5,No_Transshipment
210,6,No_Transshipment
210,7,No_Transshipment
210,8,No_Transshipment
210,9,No_Transshipment
210,10,No_Transshipment
210,11,12
210,12,12
210,13,12
210,14,12
210,15,12
210,16,12
210,17,12
210,18,12
210,19,12
210,20,13
211,0,No_Transshipment
211,1,No_Transshipment
211,2,No_Transshipment
211,3,No_Transshipment
211,4,No_Transshipment
211,5,No_Transshipment
211,6,No_Transshipment
211,7,No_Transshipment
211,8,No_Transshipment
211,9,No_Transshipment
211,10,No_Transshipment
211,11,12
211,12,12
211,13,12
211,14,12
211,15,12
211,16,12
211,17,12
211,18,12
211,19,13
211,20,14
212,0,No_Transshipment
212,1,No_Transshipment
212,2,No_Transshipment
212,3,No_Transshipment
212,4,No_Transshipment
212,5,No_Transshipment
212,6,No_Transshipment
212,7,No_Transshipment
212,8,No_Transshipment
212,9,No_Transshipment
212,10,No_Transshipment
212,11,12
212,12,12
212,13,12
212,14,12
212,15,12
212,16,12
212,17,12
212,18,12
212,19,13
212,20,14
213,0,No_Transshipment
213,1,No_Transshipment
213,2,No_Transshipment
213,3,No_Transshipment
213,4,No_Transshipment
213,5,No_Transshipment
213,6,No_Transshipment
213,7,No_Transshipment
213,8,No_Transshipment
213,9,No_Transshipment
213,10,No_Transshipment
213,11,12
213,12,12
213,13,12
213,14,12
213,15,12
213,16,12
213,17,12
213,18,12
213,19,13
213,20,14
214,0,No_Transshipment
214,1,No_Transshipment
214,2,No_Transshipment
214,3,No_Transshipment
214,4,No_Transshipment
214,5,No_Transshipment
214,6,No_Transshipment
214,7,No_Transshipment
214,8,No_Transshipment
214,9,No_Transshipment
214,10,No_Transshipment
214,11,13
214,12,12
214,13,12
214,14,12
214,15,12
214,16,12
214,17,12
214,18,13
214,19,13
214,20,14
215,0,No_Transshipment
215,1,No_Transshipment
215,2,No_Transshipment
215,3,No_Transshipment
215,4,No_Transshipment
215,5,No_Transshipment
215,6,No_Transshipment
215,7,No_Transshipment
215,8,No_Transshipment
215,9,No_Transshipment
215,10,No_Transshipment
215,11,15
215,12,13
215,13,13
215,14,13
215,15,13
215,16,13
215,17,13
215,18,13
215,19,13
215,20,14
216,0,No_Transshipment
216,1,No_Transshipment
216,2,No_Transshipment
216,3,No_Transshipment
216,4,No_Transshipment
216,5,No_Transshipment
216,6,No_Transshipment
216,7,No_Transshipment
216,8,No_Transshipment
216,9,No_Transshipment
216,10,No_Transshipment
216,11,No_Transshipment
216,12,13
216,13,13
216,14,13
216,15,13
216,16,13
216,17,13
216,18,13
216,19,14
216,20,14
217,0,No_Transshipment
217,1,No_Transshipment
217,2,No_Transshipment
217,3,No_Transshipment
217,4,No_Transshipment
217,5,No_Transshipment
217,6,No_Transshipment
217,7,No_Transshipment
217,8,No_Transshipment
217,9,No_Transshipment
217,10,No_Transshipment
217,11,No_Transshipment
217,12,13
217,13,13
217,14,13
217,15,13
217,16,13
217,17,13
217,18,13
217,19,14
217,20,15
218,0,No_Transshipment
218,1,No_Transshipment
218,2,No_Transshipment
218,3,No_Transshipment
218,4,No_Transshipment
218,5,No_Transshipment
218,6,No_Transshipment
218,7,No_Transshipment
218,8,No_Transshipment
218,9,No_Transshipment
218,10,No_Transshipment
218,11,No_Transshipment
218,12,13
218,13,13
218,14,13
218,15,13
218,16,13
218,17,13
218,18,13
218,19,14
218,20,15
219,0,No_Transshipment
219,1,No_Transshipment
219,2,No_Transshipment
219,3,No_Transshipment
219,4,No_Transshipment
219,5,No_Transshipment
219,6,No_Transshipment
219,7,No_Transshipment
219,8,No_Transshipment
219,9,No_Transshipment
219,10,No_Transshipment
219,11,No_Transshipment
219,12,14
219,13,13
219,14,13
219,15,13
219,16,13
219,17,13
219,18,14
219,19,14
219,20,15
220,0,No_Transshipment
220,1,No_Transshipment
220,2,No_Transshipment
220,3,No_Transshipment
220,4,No_Transshipment
220,5,No_Transshipment
220,6,No_Transshipment
220,7,No_Transshipment
220,8,No_Transshipment
220,9,No_Transshipment
220,10,No_Transshipment
220,11,No_Transshipment
220,12,No_Transshipment
220,13,14
220,14,14
220,15,14
220,16,14
220,17,14
220,18,14
220,19,14
220,20,15
221,0,No_Transshipment
221,1,No_Transshipment
221,2,No_Transshipment
221,3,No_Transshipment
221,4,No_Transshipment
221,5,No_Transshipment
221,6,No_Transshipment
221,7,No_Transshipment
221,8,No_Transshipment
221,9,No_Transshipment
221,10,No_Transshipment
221,11,No_Transshipment
221,12,No_Transshipment
221,13,14
221,14,14
221,15,14
221,16,14
221,17,14
221,18,14
221,19,15
221,20,16
222,0,No_Transshipment
222,1,No_Transshipment
222,2,No_Transshipment
222,3,No_Transshipment
222,4,No_Transshipment
222,5,No_Transshipment
222,6,No_Transshipment
222,7,No_Transshipment
222,8,No_Transshipment
222,9,No_Transshipment
222,10,No_Transshipment
222,11,No_Transshipment
222,12,No_Transshipment
222,13,14
222,14,14
222,15,14
222,16,14
222,17,14
222,18,14
222,19,15
222,20,16
223,0,No_Transshipment
223,1,No_Transshipment
223,2,No_Transshipment
223,3,No_Transshipment
223,4,No_Transshipment
223,5,No_Transshipment
223,6,No_Transshipment
223,7,No_Transshipment
223,8,No_Transshipment
223,9,No_Transshipment
223,10,No_Transshipment
223,11,No_Transshipment
223,12,No_Transshipment
223,13,15
223,14,14
223,15,14
223,16,14
223,17,14
223,18,15
223,19,15
223,20,16
224,0,No_Transshipment
224,1,No_Transshipment
224,2,No_Transshipment
224,3,No_Transshipment
224,4,No_Transshipment
224,5,No_Transshipment
224,6,No_Transshipment
224,7,No_Transshipment
224,8,No_Transshipment
224,9,No_Transshipment
224,10,No_Transshipment
224,11,No_Transshipment
224,12,No_Transshipment
224,13,No_Transshipment
224,14,15
224,15,15
224,16,15
224,17,15
224,18,15
224,19,15
224,20,16
225,0,No_Transshipment
225,1,No_Transshipment
225,2,No_Transshipment
225,3,No_Transshipment
225,4,No_Transshipment
225,5,No_Transshipment
225,6,No_Transshipment
225,7,No_Transshipment
225,8,No_Transshipment
225,9,No_Transshipment
225,10,No_Transshipment
225,11,No_Transshipment
225,12,No_Transshipment
225,13,No_Transshipment
225,14,15
225,15,15
225,16,15
225,17,15
225,18,15
225,19,16
225,20,17
226,0,No_Transshipment
226,1,No_Transshipment
226,2,No_Transshipment
226,3,No_Transshipment
226,4,No_Transshipment
226,5,No_Transshipment
226,6,No_Transshipment
226,7,No_Transshipment
226,8,No_Transshipment
226,9,No_Transshipment
226,10,No_Transshipment
226,11,No_Transshipment
226,12,No_Transshipment
226,13,No_Transshipment
226,14,16
226,15,15
226,16,15
226,17,15
226,18,16
226,19,16
226,20,17
227,0,No_Transshipment
227,1,No_Transshipment
227,2,No_Transshipment
227,3,No_Transshipment
227,4,No_Transshipment
227,5,No_Transshipment
227,6,No_Transshipment
227,7,No_Transshipment
227,8,No_Transshipment
227,9,No_Transshipment
227,10,No_Transshipment
227,11,No_Transshipment
227,12,No_Transshipment
227,13,No_Transshipment
227,14,No_Transshipment
227,15,16
227,16,16
227,17,16
227,18,16
227,19,16
227,20,17
228,0,No_Transshipment
228,1,No_Transshipment
228,2,No_Transshipment
228,3,No_Transshipment
228,4,No_Transshipment
228,5,No_Transshipment
228,6,No_Transshipment
228,7,No_Transshipment
228,8,No_Transshipment
228,9,No_Transshipment
228,10,No_Transshipment
228,11,No_Transshipment
228,12,No_Transshipment
228,13,No_Transshipment
228,14,No_Transshipment
228,15,16
228,16,16
228,17,16
228,18,16
228,19,17
228,20,18
229,0,No_Transshipment
229,1,No_Transshipment
229,2,No_Transshipment
229,3,No_Transshipment
229,4,No_Transshipment
229,5,No_Transshipment
229,6,No_Transshipment
229,7,No_Transshipment
229,8,No_Transshipment
229,9,No_Transshipment
229,10,No_Transshipment
229,11,No_Transshipment
229,12,No_Transshipment
229,13,No_Transshipment
229,14,No_Transshipment
229,15,17
229,16,16
229,17,16
229,18,17
229,19,17
229,20,18
230,0,No_Transshipment
230,1,No_Transshipment
230,2,No_Transshipment
230,3,No_Transshipment
230,4,No_Transshipment
230,5,No_Transshipment
230,6,No_Transshipment
230,7,No_Transshipment
230,8,No_Transshipment
230,9,No_Transshipment
230,10,No_Transshipment
230,11,No_Transshipment
230,12,No_Transshipment
230,13,No_Transshipment
230,14,No_Transshipment
230,15,No_Transshipment
230,16,17
230,17,17
230,18,17
230,19,17
230,20,18
231,0,No_Transshipment
231,1,No_Transshipment
231,2,No_Transshipment
231,3,No_Transshipment
231,4,No_Transshipment
231,5,No_Transshipment
231,6,No_Transshipment
231,7,No_Transshipment
231,8,No_Transshipment
231,9,No_Transshipment
231,10,No_Transshipment
231,11,No_Transshipment
231,12,No_Transshipment
231,13,No_Transshipment
231,14,No_Transshipment
231,15,No_Transshipment
231,16,17
231,17,17
231,18,17
231,19,18
231,20,19
232,0,No_Transshipment
232,1,No_Transshipment
232,2,No_Transshipment
232,3,No_Transshipment
232,4,No_Transshipment
232,5,No_Transshipment
232,6,No_Transshipment
232,7,No_Transshipment
232,8,No_Transshipment
232,9,No_Transshipment
232,10,No_Transshipment
232,11,No_Transshipment
232,12,No_Transshipment
232,13,No_Transshipment
232,14,No_Transshipment
232,15,No_Transshipment
232,16,19
232,17,18
232,18,18
232,19,18
232,20,19
233,0,No_Transshipment
233,1,No_Transshipment
233,2,No_Transshipment
233,3,No_Transshipment
233,4,No_Transshipment
233,5,No_Transshipment
233,6,No_Transshipment
233,7,No_Transshipment
233,8,No_Transshipment
233,9,No_Transshipment
233,10,No_Transshipment
233,11,No_Transshipment
233,12,No_Transshipment
233,13,No_Transshipment
233,14,No_Transshipment
233,15,No_Transshipment
233,16,No_Transshipment
233,17,18
233,18,18
233,19,19
233,20,19
234,0,No_Transshipment
234,1,No_Transshipment
234,2,No_Transshipment
234,3,No_Transshipment
234,4,No_Transshipment
234,5,No_Transshipment
234,6,No_Transshipment
234,7,No_Transshipment
234,8,No_Transshipment
234,9,No_Transshipment
234,10,No_Transshipment
234,11,No_Transshipment
234,12,No_Transshipment
234,13,No_Transshipment
234,14,No_Transshipment
234,15,No_Transshipment
234,16,No_Transshipment
234,17,19
234,18,19
234,19,19
234,20,20
235,0,No_Transshipment
235,1,No_Transshipment
235,2,No_Transshipment
235,3,No_Transshipment
235,4,No_Transshipment
235,5,No_Transshipment
235,6,No_Transshipment
235,7,No_Transshipment
235,8,No_Transshipment
235,9,No_Transshipment
235,10,No_Transshipment
235,11,No_Transshipment
235,12,No_Transshipment
235,13,No_Transshipment
235,14,No_Transshipment
235,15,No_Transshipment
235,16,No_Transshipment
235,17,No_Transshipment
235,18,19
235,19,19
235,20,20
236,0,No_Transshipment
236,1,No_Transshipment
236,2,No_Transshipment
236,3,No_Transshipment
236,4,No_Transshipment
236,5,No_Transshipment
236,6,No_Transshipment
236,7,No_Transshipment
236,8,No_Transshipment
236,9,No_Transshipment
236,10,No_Transshipment
236,11,No_Transshipment
236,12,No_Transshipment
236,13,No_Transshipment
236,14,No_Transshipment
236,15,No_Transshipment
236,16,No_Transshipment
236,17,No_Transshipment
236,18,No_Transshipment
236,19,20
236,20,No_Transshipment
237,0,No_Transshipment
237,1,No_Transshipment
237,2,No_Transshipment
237,3,No_Transshipment
237,4,No_Transshipment
237,5,No_Transshipment
237,6,No_Transshipment
237,7,No_Transshipment
237,8,No_Transshipment
237,9,No_Transshipment
237,10,No_Transshipment
237,11,No_Transshipment
237,12,No_Transshipment
237,13,No_Transshipment
237,14,No_Transshipment
237,15,No_Transshipment
237,16,No_Transshipment
237,17,No_Transshipment
237,18,No_Transshipment
237,19,No_Transshipment
237,20,No_Transshipment
238,0,No_Transshipment
238,1,No_Transshipment
238,2,No_Transshipment
238,3,No_Transshipment
238,4,No_Transshipment
238,5,No_Transshipment
238,6,No_Transshipment
238,7,No_Transshipment
238,8,No_Transshipment
238,9,No_Transshipment
238,10,No_Transshipment
238,11,No_Transshipment
238,12,No_Transshipment
238,13,No_Transshipment
238,14,No_Transshipment
238,15,No_Transshipment
238,16,No_Transshipment
238,17,No_Transshipment
238,18,No_Transshipment
238,19,No_Transshipment
238,20,No_Transshipment
239,0,No_Transshipment
239,1,No_Transshipment
239,2,No_Transshipment
239,3,No_Transshipment
239,4,No_Transshipment
239,5,No_Transshipment
239,6,No_Transshipment
239,7,No_Transshipment
239,8,No_Transshipment
239,9,No_Transshipment
239,10,No_Transshipment
239,11,No_Transshipment
239,12,No_Transshipment
239,13,No_Transshipment
239,14,No_Transshipment
239,15,No_Transshipment
239,16,No_Transshipment
239,17,No_Transshipment
239,18,No_Transshipment
239,19,No_Transshipment
239,20,No_Transshipment
240,0,No_Transshipment
240,1,No_Transshipment
240,2,No_Transshipment
240,3,No_Transshipment
240,4,No_Transshipment
240,5,No_Transshipment
240,6,No_Transshipment
240,7,No_Transshipment
240,8,No_Transshipment
240,9,No_Transshipment
240,10,No_Transshipment
240,11,No_Transshipment
240,12,No_Transshipment
240,13,No_Transshipment
240,14,No_Transshipment
240,15,No_Transshipment
240,16,No_Transshipment
240,17,No_Transshipment
240,18,No_Transshipment
240,19,No_Transshipment
240,20,No_Transshipment
241,0,No_Transshipment
241,1,No_Transshipment
241,2,No_Transshipment
241,3,No_Transshipment
241,4,No_Transshipment
241,5,No_Transshipment
241,6,No_Transshipment
241,7,No_Transshipment
241,8,No_Transshipment
241,9,No_Transshipment
241,10,No_Transshipment
241,11,No_Transshipment
241,12,No_Transshipment
241,13,No_Transshipment
241,14,No_Transshipment
241,15,No_Transshipment
241,16,No_Transshipment
241,17,No_Transshipment
241,18,No_Transshipment
241,19,No_Transshipment
241,20,No_Transshipment
242,0,No_Transshipment
242,1,No_Transshipment
242,2,No_Transshipment
242,3,No_Transshipment
242,4,No_Transshipment
242,5,No_Transshipment
242,6,No_Transshipment
242,7,No_Transshipment
242,8,No_Transshipment
242,9,No_Transshipment
242,10,No_Transshipment
242,11,No_Transshipment
242,12,No_Transshipment
242,13,No_Transshipment
242,14,No_Transshipment
242,15,No_Transshipment
242,16,No_Transshipment
242,17,No_Transshipment
242,18,No_Transshipment
242,19,No_Transshipment
242,20,No_Transshipment
243,0,No_Transshipment
243,1,No_Transshipment
243,2,No_Transshipment
243,3,No_Transshipment
243,4,No_Transshipment
243,5,No_Transshipment
243,6,No_Transshipment
243,7,No_Transshipment
243,8,No_Transshipment
243,9,No_Transshipment
243,10,No_Transshipment
243,11,No_Transshipment
243,12,No_Transshipment
243,13,No_Transshipment
243,14,No_Transshipment
243,15,No_Transshipment
243,16,No_Transshipment
243,17,No_Transshipment
243,18,No_Transshipment
243,19,No_Transshipment
243,20,No_Transshipment
244,0,No_Transshipment
244,1,No_Transshipment
244,2,No_Transshipment
244,3,No_Transshipment
244,4,No_Transshipment
244,5,No_Transshipment
244,6,No_Transshipment
244,7,No_Transshipment
244,8,No_Transshipment
244,9,No_Transshipment
244,10,No_Transshipment
244,11,No_Transshipment
244,12,No_Transshipment
244,13,No_Transshipment
244,14,No_Transshipment
244,15,No_Transshipment
244,16,No_Transshipment
244,17,No_Transshipment
244,18,No_Transshipment
244,19,No_Transshipment
244,20,No_Transshipment
245,0,No_Transshipment
245,1,No_Transshipment
245,2,No_Transshipment
245,3,No_Transshipment
245,4,No_Transshipment
245,5,No_Transshipment
245,6,No_Transshipment
245,7,No_Transshipment
245,8,No_Transshipment
245,9,No_Transshipment
245,10,No_Transshipment
245,11,No_Transshipment
245,12,No_Transshipment
245,13,No_Transshipment
245,14,No_Transshipment
245,15,No_Transshipment
245,16,No_Transshipment
245,17,No_Transshipment
245,18,No_Transshipment
245,19,No_Transshipment
245,20,No_Transshipment
246,0,No_Transshipment
246,1,No_Transshipment
246,2,No_Transshipment
246,3,No_Transshipment
246,4,No_Transshipment
246,5,No_Transshipment
246,6,No_Transshipment
246,7,No_Transshipment
246,8,No_Transshipment
246,9,No_Transshipment
246,10,No_Transshipment
246,11,No_Transshipment
246,12,No_Transshipment
246,13,No_Transshipment
246,14,No_Transshipment
246,15,No_Transshipment
246,16,No_Transshipment
246,17,No_Transshipment
246,18,No_Transshipment
246,19,No_Transshipment
246,20,No_Transshipment
247,0,No_Transshipment
247,1,No_Transshipment
247,2,No_Transshipment
247,3,No_Transshipment
247,4,No_Transshipment
247,5,No_Transshipment
247,6,No_Transshipment
247,7,No_Transshipment
247,8,No_Transshipment
247,9,No_Transshipment
247,10,No_Transshipment
247,11,No_Transshipment
247,12,No_Transshipment
247,13,No_Transshipment
247,14,No_Transshipment
247,15,No_Transshipment
247,16,No_Transshipment
247,17,No_Transshipment
247,18,No_Transshipment
247,19,No_Transshipment
247,20,No_Transshipment
248,0,No_Transshipment
248,1,No_Transshipment
248,2,No_Transshipment
248,3,No_Transshipment
248,4,No_Transshipment
248,5,No_Transshipment
248,6,No_Transshipment
248,7,No_Transshipment
248,8,No_Transshipment
248,9,No_Transshipment
248,10,No_Transshipment
248,11,No_Transshipment
248,12,No_Transshipment
248,13,No_Transshipment
248,14,No_Transshipment
248,15,No_Transshipment
248,16,No_Transshipment
248,17,No_Transshipment
248,18,No_Transshipment
248,19,No_Transshipment
248,20,No_Transshipment
249,0,No_Transshipment
249,1,No_Transshipment
249,2,No_Transshipment
249,3,No_Transshipment
249,4,No_Transshipment
249,5,No_Transshipment
249,6,No_Transshipment
249,7,No_Transshipment
249,8,No_Transshipment
249,9,No_Transshipment
249,10,No_Transshipment
249,11,No_Transshipment
249,12,No_Transshipment
249,13,No_Transshipment
249,14,No_Transshipment
249,15,No_Transshipment
249,16,No_Transshipment
249,17,No_Transshipment
249,18,No_Transshipment
249,19,No_Transshipment
249,20,No_Transshipment
250,0,No_Transshipment
250,1,No_Transshipment
250,2,No_Transshipment
250,3,No_Transshipment
250,4,No_Transshipment
250,5,No_Transshipment
250,6,No_Transshipment
250,7,No_Transshipment
250,8,No_Transshipment
250,9,No_Transshipment
250,10,No_Transshipment
250,11,No_Transshipment
250,12,No_Transshipment
250,13,No_Transshipment
250,14,No_Transshipment
250,15,No_Transshipment
250,16,No_Transshipment
250,17,No_Transshipment
250,18,No_Transshipment
250,19,No_Transshipment
250,20,No_Transshipment
251,0,No_Transshipment
251,1,No_Transshipment
251,2,No_Transshipment
251,3,No_Transshipment
251,4,No_Transshipment
251,5,No_Transshipment
251,6,No_Transshipment
251,7,No_Transshipment
251,8,No_Transshipment
251,9,No_Transshipment
251,10,No_Transshipment
251,11,No_Transshipment
251,12,No_Transshipment
251,13,No_Transshipment
251,14,No_Transshipment
251,15,No_Transshipment
251,16,No_Transshipment
251,17,No_Transshipment
251,18,No_Transshipment
251,19,No_Transshipment
251,20,No_Transshipment
252,0,No_Transshipment
252,1,No_Transshipment
252,2,No_Transshipment
252,3,No_Transshipment
252,4,No_Transshipment
252,5,No_Transshipment
252,6,No_Transshipment
252,7,No_Transshipment
252,8,No_Transshipment
252,9,No_Transshipment
252,10,No_Transshipment
252,11,No_Transshipment
252,12,No_Transshipment
252,13,No_Transshipment
252,14,No_Transshipment
252,15,No_Transshipment
252,16,No_Transshipment
252,17,No_Transshipment
252,18,No_Transshipment
252,19,No_Transshipment
252,20,No_Transshipment
253,0,No_Transshipment
253,1,No_Transshipment
253,2,No_Transshipment
253,3,No_Transshipment
253,4,No_Transshipment
253,5,No_Transshipment
253,6,No_Transshipment
253,7,No_Transshipment
253,8,No_Transshipment
253,9,No_Transshipment
253,10,No_Transshipment
253,11,No_Transshipment
253,12,No_Transshipment
253,13,No_Transshipment
253,14,No_Transshipment
253,15,No_Transshipment
253,16,No_Transshipment
253,17,No_Transshipment
253,18,No_Transshipment
253,19,No_Transshipment
253,20,No_Transshipment
254,0,No_Transshipment
254,1,No_Transshipment
254,2,No_Transshipment
254,3,No_Transshipment
254,4,No_Transshipment
254,5,No_Transshipment
254,6,No_Transshipment
254,7,No_Transshipment
254,8,No_Transshipment
254,9,No_Transshipment
254,10,No_Transshipment
254,11,No_Transshipment
254,12,No_Transshipment
254,13,No_Transshipment
254,14,No_Transshipment
254,15,No_Transshipment
254,16,No_Transshipment
254,17,No_Transshipment
254,18,No_Transshipment
254,19,No_Transshipment
254,20,No_Transshipment
255,0,No_Transshipment
255,1,No_Transshipment
255,2,No_Transshipment
255,3,No_Transshipment
255,4,No_Transshipment
255,5,No_Transshipment
255,6,No_Transshipment
255,7,No_Transshipment
255,8,No_Transshipment
255,9,No_Transshipment
255,10,No_Transshipment
255,11,No_Transshipment
255,12,No_Transshipment
255,13,No_Transshipment
255,14,No_Transshipment
255,15,No_Transshipment
255,16,No_Transshipment
255,17,No_Transshipment
255,18,No_Transshipment
255,19,No_Transshipment
255,20,No_Transshipment
256,0,No_Transshipment
256,1,No_Transshipment
256,2,No_Transshipment
256,3,No_Transshipment
256,4,No_Transshipment
256,5,No_Transshipment
256,6,No_Transshipment
256,7,No_Transshipment
256,8,No_Transshipment
256,9,No_Transshipment
256,10,No_Transshipment
256,11,No_Transshipment
256,12,No_Transshipment
256,13,No_Transshipment
256,14,No_Transshipment
256,15,No_Transshipment
256,16,No_Transshipment
256,17,No_Transshipment
256,18,No_Transshipment
256,19,No_Transshipment
256,20,No_Transshipment
257,0,No_Transshipment
257,1,No_Transshipment
257,2,No_Transshipment
257,3,No_Transshipment
257,4,No_Transshipment
257,5,No_Transshipment
257,6,No_Transshipment
257,7,No_Transshipment
257,8,No_Transshipment
257,9,No_Transshipment
257,10,No_Transshipment
257,11,No_Transshipment
257,12,No_Transshipment
257,13,No_Transshipment
257,14,No_Transshipment
257,15,No_Transshipment
257,16,No_Transshipment
257,17,No_Transshipment
257,18,No_Transshipment
257,19,No_Transshipment
257,20,No_Transshipment
258,0,No_Transshipment
258,1,No_Transshipment
258,2,No_Transshipment
258,3,No_Transshipment
258,4,No_Transshipment
258,5,No_Transshipment
258,6,No_Transshipment
258,7,No_Transshipment
258,8,No_Transshipment
258,9,No_Transshipment
258,10,No_Transshipment
258,11,No_Transshipment
258,12,No_Transshipment
258,13,No_Transshipment
258,14,No_Transshipment
258,15,No_Transshipment
258,16,No_Transshipment
258,17,No_Transshipment
258,18,No_Transshipment
258,19,No_Transshipment
258,20,No_Transshipment
259,0,No_Transshipment
259,1,No_Transshipment
259,2,No_Transshipment
259,3,No_Transshipment
259,4,No_Transshipment
259,5,No_Transshipment
259,6,No_Transshipment
259,7,No_Transshipment
259,8,No_Transshipment
259,9,No_Transshipment
259,10,No_Transshipment
259,11,No_Transshipment
259,12,No_Transshipment
259,13,No_Transshipment
259,14,No_Transshipment
259,15,No_Transshipment
259,16,No_Transshipment
259,17,No_Transshipment
259,18,No_Transshipment
259,19,No_Transshipment
259,20,No_Transshipment
260,0,No_Transshipment
260,1,No_Transshipment
260,2,No_Transshipment
260,3,No_Transshipment
260,4,No_Transshipment
260,5,No_Transshipment
260,6,No_Transshipment
260,7,No_Transshipment
260,8,No_Transshipment
260,9,No_Transshipment
260,10,No_Transshipment
260,11,No_Transshipment
260,12,No_Transshipment
260,13,No_Transshipment
260,14,No_Transshipment
260,15,No_Transshipment
260,16,No_Transshipment
260,17,No_Transshipment
260,18,No_Transshipment
260,19,No_Transshipment
260,20,No_Transshipment
261,0,No_Transshipment
261,1,No_Transshipment
261,2,No_Transshipment
261,3,No_Transshipment
261,4,No_Transshipment
261,5,No_Transshipment
261,6,No_Transshipment
261,7,No_Transshipment
261,8,No_Transshipment
261,9,No_Transshipment
261,10,No_Transshipment
261,11,No_Transshipment
261,12,No_Transshipment
261,13,No_Transshipment
261,14,No_Transshipment
261,15,No_Transshipment
261,16,No_Transshipment
261,17,No_Transshipment
261,18,No_Transshipment
261,19,No_Transshipment
261,20,No_Transshipment
262,0,No_Transshipment
262,1,No_Transshipment
262,2,No_Transshipment
262,3,No_Transshipment
262,4,No_Transshipment
262,5,No_Transshipment
262,6,No_Transshipment
262,7,No_Transshipment
262,8,No_Transshipment
262,9,No_Transshipment
262,10,No_Transshipment
262,11,No_Transshipment
262,12,No_Transshipment
262,13,No_Transshipment
262,14,No_Transshipment
262,15,No_Transshipment
262,16,No_Transshipment
262,17,No_Transshipment
262,18,No_Transshipment
262,19,No_Transshipment
262,20,No_Transshipment
263,0,No_Transshipment
263,1,No_Transshipment
263,2,No_Transshipment
263,3,No_Transshipment
263,4,No_Transshipment
263,5,No_Transshipment
263,6,No_Transshipment
263,7,No_Transshipment
263,8,No_Transshipment
263,9,No_Transshipment
263,10,No_Transshipment
263,11,No_Transshipment
263,12,No_Transshipment
263,13,No_Transshipment
263,14,No_Transshipment
263,15,No_Transshipment
263,16,No_Transshipment
263,17,No_Transshipment
263,18,No_Transshipment
263,19,No_Transshipment
263,20,No_Transshipment
264,0,No_Transshipment
264,1,No_Transshipment
264,2,No_Transshipment
264,3,No_Transshipment
264,4,No_Transshipment
264,5,No_Transshipment
264,6,No_Transshipment
264,7,No_Transshipment
264,8,No_Transshipment
264,9,No_Transshipment
264,10,No_Transshipment
264,11,No_Transshipment
264,12,No_Transshipment
264,13,No_Transshipment
264,14,No_Transshipment
264,15,No_Transshipment
264,16,No_Transshipment
264,17,No_Transshipment
264,18,No_Transshipment
264,19,No_Transshipment
264,20,No_Transshipment
265,0,No_Transshipment
265,1,No_Transshipment
265,2,No_Transshipment
265,3,No_Transshipment
265,4,No_Transshipment
265,5,No_Transshipment
265,6,No_Transshipment
265,7,No_Transshipment
265,8,No_Transshipment
265,9,No_Transshipment
265,10,No_Transshipment
265,11,No_Transshipment
265,12,No_Transshipment
265,13,No_Transshipment
265,14,No_Transshipment
265,15,No_Transshipment
265,16,No_Transshipment
265,17,No_Transshipment
265,18,No_Transshipment
265,19,No_Transshipment
265,20,No_Transshipment
266,0,No_Transshipment
266,1,No_Transshipment
266,2,No_Transshipment
266,3,No_Transshipment
266,4,No_Transshipment
266,5,No_Transshipment
266,6,No_Transshipment
266,7,No_Transshipment
266,8,No_Transshipment
266,9,No_Transshipment
266,10,No_Transshipment
266,11,No_Transshipment
266,12,No_Transshipment
266,13,No_Transshipment
266,14,No_Transshipment
266,15,No_Transshipment
266,16,No_Transshipment
266,17,No_Transshipment
266,18,No_Transshipment
266,19,No_Transshipment
266,20,No_Transshipment
267,0,No_Transshipment
267,1,No_Transshipment
267,2,No_Transshipment
267,3,No_Transshipment
267,4,No_Transshipment
267,5,No_Transshipment
267,6,No_Transshipment
267,7,No_Transshipment
267,8,No_Transshipment
267,9,No_Transshipment
267,10,No_Transshipment
267,11,No_Transshipment
267,12,No_Transshipment
267,13,No_Transshipment
267,14,No_Transshipment
267,15,No_Transshipment
267,16,No_Transshipment
267,17,No_Transshipment
267,18,No_Transshipment
267,19,No_Transshipment
267,20,No_Transshipment
268,0,No_Transshipment
268,1,No_Transshipment
268,2,No_Transshipment
268,3,No_Transshipment
268,4,No_Transshipment
268,5,No_Transshipment
268,6,No_Transshipment
268,7,No_Transshipment
268,8,No_Transshipment
268,9,No_Transshipment
268,10,No_Transshipment
268,11,No_Transshipment
268,12,No_Transshipment
268,13,No_Transshipment
268,14,No_Transshipment
268,15,No_Transshipment
268,16,No_Transshipment
268,17,No_Transshipment
268,18,No_Transshipment
268,19,No_Transshipment
268,20,No_Transshipment
269,0,No_Transshipment
269,1,No_Transshipment
269,2,No_Transshipment
269,3,No_Transshipment
269,4,No_Transshipment
269,5,No_Transshipment
269,6,No_Transshipment
269,7,No_Transshipment
269,8,No_Transshipment
269,9,No_Transshipment
269,10,No_Transshipment
269,11,No_Transshipment
269,12,No_Transshipment
269,13,No_Transshipment
269,14,No_Transshipment
269,15,No_Transshipment
269,16,No_Transshipment
269,17,No_Transshipment
269,18,No_Transshipment
269,19,No_Transshipment
269,20,No_Transshipment
270,0,No_Transshipment
270,1,No_Transshipment
270,2,No_Transshipment
270,3,No_Transshipment
270,4,No_Transshipment
270,5,No_Transshipment
270,6,No_Transshipment
270,7,No_Transshipment
270,8,No_Transshipment
270,9,No_Transshipment
270,10,No_Transshipment
270,11,No_Transshipment
270,12,No_Transshipment
270,13,No_Transshipment
270,14,No_Transshipment
270,15,No_Transshipment
270,16,No_Transshipment
270,17,No_Transshipment
270,18,No_Transshipment
270,19,No_Transshipment
270,20,No_Transshipment
271,0,No_Transshipment
271,1,No_Transshipment
271,2,No_Transshipment
271,3,No_Transshipment
271,4,No_Transshipment
271,5,No_Transshipment
271,6,No_Transshipment
271,7,No_Transshipment
271,8,No_Transshipment
271,9,No_Transshipment
271,10,No_Transshipment
271,11,No_Transshipment
271,12,No_Transshipment
271,13,No_Transshipment
271,14,No_Transshipment
271,15,No_Transshipment
271,16,No_Transshipment
271,17,No_Transshipment
271,18,No_Transshipment
271,19,No_Transshipment
271,20,No_Transshipment
272,0,No_Transshipment
272,1,No_Transshipment
272,2,No_Transshipment
272,3,No_Transshipment
272,4,No_Transshipment
272,5,No_Transshipment
272,6,No_Transshipment
272,7,No_Transshipment
272,8,No_Transshipment
272,9,No_Transshipment
272,10,No_Transshipment
272,11,No_Transshipment
272,12,No_Transshipment
272,13,No_Transshipment
272,14,No_Transshipment
272,15,No_Transshipment
272,16,No_Transshipment
272,17,No_Transshipment
272,18,No_Transshipment
272,19,No_Transshipment
272,20,No_Transshipment
273,0,No_Transshipment
273,1,No_Transshipment
273,2,No_Transshipment
273,3,No_Transshipment
273,4,No_Transshipment
273,5,No_Transshipment
273,6,No_Transshipment
273,7,No_Transshipment
273,8,No_Transshipment
273,9,No_Transshipment
273,10,No_Transshipment
273,11,No_Transshipment
273,12,No_Transshipment
273,13,No_Transshipment
273,14,No_Transshipment
273,15,No_Transshipment
273,16,No_Transshipment
273,17,No_Transshipment
273,18,No_Transshipment
273,19,No_Transshipment
273,20,No_Transshipment
274,0,No_Transshipment
274,1,No_Transshipment
274,2,No_Transshipment
274,3,No_Transshipment
274,4,No_Transshipment
274,5,No_Transshipment
274,6,No_Transshipment
274,7,No_Transshipment
274,8,No_Transshipment
274,9,No_Transshipment
274,10,No_Transshipment
274,11,No_Transshipment
274,12,No_Transshipment
274,13,No_Transshipment
274,14,No_Transshipment
274,15,No_Transshipment
274,16,No_Transshipment
274,17,No_Transshipment
274,18,No_Transshipment
274,19,No_Transshipment
274,20,No_Transshipment
275,0,No_Transshipment
275,1,No_Transshipment
275,2,No_Transshipment
275,3,No_Transshipment
275,4,No_Transshipment
275,5,No_Transshipment
275,6,No_Transshipment
275,7,No_Transshipment
275,8,No_Transshipment
275,9,No_Transshipment
275,10,No_Transshipment
275,11,No_Transshipment
275,12,No_Transshipment
275,13,No_Transshipment
275,14,No_Transshipment
275,15,No_Transshipment
275,16,No_Transshipment
275,17,No_Transshipment
275,18,No_Transshipment
275,19,No_Transshipment
275,20,No_Transshipment
276,0,No_Transshipment
276,1,No_Transshipment
276,2,No_Transshipment
276,3,No_Transshipment
276,4,No_Transshipment
276,5,No_Transshipment
276,6,No_Transshipment
276,7,No_Transshipment
276,8,No_Transshipment
276,9,No_Transshipment
276,10,No_Transshipment
276,11,No_Transshipment
276,12,No_Transshipment
276,13,No_Transshipment
276,14,No_Transshipment
276,15,No_Transshipment
276,16,No_Transshipment
276,17,No_Transshipment
276,18,No_Transshipment
276,19,No_Transshipment
276,20,No_Transshipment
277,0,No_Transshipment
277,1,No_Transshipment
277,2,No_Transshipment
277,3,No_Transshipment
277,4,No_Transshipment
277,5,No_Transshipment
277,6,No_Transshipment
277,7,No_Transshipment
277,8,No_Transshipment
277,9,No_Transshipment
277,10,No_Transshipment
277,11,No_Transshipment
277,12,No_Transshipment
277,13,No_Transshipment
277,14,No_Transshipment
277,15,No_Transshipment
277,16,No_Transshipment
277,17,No_Transshipment
277,18,No_Transshipment
277,19,No_Transshipment
277,20,No_Transshipment
278,0,No_Transshipment
278,1,No_Transshipment
278,2,No_Transshipment
278,3,No_Transshipment
278,4,No_Transshipment
278,5,No_Transshipment
278,6,No_Transshipment
278,7,No_Transshipment
278,8,No_Transshipment
278,9,No_Transshipment
278,10,No_Transshipment
278,11,No_Transshipment
278,12,No_Transshipment
278,13,No_Transshipment
278,14,No_Transshipment
278,15,No_Transshipment
278,16,No_Transshipment
278,17,No_Transshipment
278,18,No_Transshipment
278,19,No_Transshipment
278,20,No_Transshipment
279,0,No_Transshipment
279,1,No_Transshipment
279,2,No_Transshipment
279,3,No_Transshipment
279,4,No_Transshipment
279,5,No_Transshipment
279,6,No_Transshipment
279,7,No_Transshipment
279,8,No_Transshipment
279,9,No_Transshipment
279,10,No_Transshipment
279,11,No_Transshipment
279,12,No_Transshipment
279,13,No_Transshipment
279,14,No_Transshipment
279,15,No_Transshipment
279,16,No_Transshipment
279,17,No_Transshipment
279,18,No_Transshipment
279,19,No_Transshipment
279,20,No_Transshipment
280,0,No_Transshipment
280,1,No_Transshipment
280,2,No_Transshipment
280,3,No_Transshipment
280,4,No_Transshipment
280,5,No_Transshipment
280,6,No_Transshipment
280,7,No_Transshipment
280,8,No_Transshipment
280,9,No_Transshipment
280,10,No_Transshipment
280,11,No_Transshipment
280,12,No_Transshipment
280,13,No_Transshipment
280,14,No_Transshipment
280,15,No_Transshipment
280,16,No_Transshipment
280,17,No_Transshipment
280,18,No_Transshipment
280,19,No_Transshipment
280,20,No_Transshipment
281,0,No_Transshipment
281,1,No_Transshipment
281,2,No_Transshipment
281,3,No_Transshipment
281,4,No_Transshipment
281,5,No_Transshipment
281,6,No_Transshipment
281,7,No_Transshipment
281,8,No_Transshipment
281,9,No_Transshipment
281,10,No_Transshipment
281,11,No_Transshipment
281,12,No_Transshipment
281,13,No_Transshipment
281,14,No_Transshipment
281,15,No_Transshipment
281,16,No_Transshipment
281,17,No_Transshipment
281,18,No_Transshipment
281,19,No_Transshipment
281,20,No_Transshipment
282,0,No_Transshipment
282,1,No_Transshipment
282,2,No_Transshipment
282,3,No_Transshipment
282,4,No_Transshipment
282,5,No_Transshipment
282,6,No_Transshipment
282,7,No_Transshipment
282,8,No_Transshipment
282,9,No_Transshipment
282,10,No_Transshipment
282,11,No_Transshipment
282,12,No_Transshipment
282,13,No_Transshipment
282,14,No_Transshipment
282,15,No_Transshipment
282,16,No_Transshipment
282,17,No_Transshipment
282,18,No_Transshipment
282,19,No_Transshipment
282,20,No_Transshipment
283,0,No_Transshipment
283,1,No_Transshipment
283,2,No_Transshipment
283,3,No_Transshipment
283,4,No_Transshipment
283,5,No_Transshipment
283,6,No_Transshipment
283,7,No_Transshipment
283,8,No_Transshipment
283,9,No_Transshipment
283,10,No_Transshipment
283,11,No_Transshipment
283,12,No_Transshipment
283,13,No_Transshipment
283,14,No_Transshipment
283,15,No_Transshipment
283,16,No_Transshipment
283,17,No_Transshipment
283,18,No_Transshipment
283,19,No_Transshipment
283,20,No_Transshipment
284,0,No_Transshipment
284,1,No_Transshipment
284,2,No_Transshipment
284,3,No_Transshipment
284,4,No_Transshipment
284,5,No_Transshipment
284,6,No_Transshipment
284,7,No_Transshipment
284,8,No_Transshipment
284,9,No_Transshipment
284,10,No_Transshipment
284,11,No_Transshipment
284,12,No_Transshipment
284,13,No_Transshipment
284,14,No_Transshipment
284,15,No_Transshipment
284,16,No_Transshipment
284,17,No_Transshipment
284,18,No_Transshipment
284,19,No_Transshipment
284,20,No_Transshipment
285,0,No_Transshipment
285,1,No_Transshipment
285,2,No_Transshipment
285,3,No_Transshipment
285,4,No_Transshipment
285,5,No_Transshipment
285,6,No_Transshipment
285,7,No_Transshipment
285,8,No_Transshipment
285,9,No_Transshipment
285,10,No_Transshipment
285,11,No_Transshipment
285,12,No_Transshipment
285,13,No_Transshipment
285,14,No_Transshipment
285,15,No_Transshipment
285,16,No_Transshipment
285,17,No_Transshipment
285,18,No_Transshipment
285,19,No_Transshipment
285,20,No_Transshipment
286,0,No_Transshipment
286,1,No_Transshipment
286,2,No_Transshipment
286,3,No_Transshipment
286,4,No_Transshipment
286,5,No_Transshipment
286,6,No_Transshipment
286,7,No_Transshipment
286,8,No_Transshipment
286,9,No_Transshipment
286,10,No_Transshipment
286,11,No_Transshipment
286,12,No_Transshipment
286,13,No_Transshipment
286,14,No_Transshipment
286,15,No_Transshipment
286,16,No_Transshipment
286,17,No_Transshipment
286,18,No_Transshipment
286,19,No_Transshipment
286,20,No_Transshipment
287,0,No_Transshipment
287,1,No_Transshipment
287,2,No_Transshipment
287,3,No_Transshipment
287,4,No_Transshipment
287,5,No_Transshipment
287,6,No_Transshipment
287,7,No_Transshipment
287,8,No_Transshipment
287,9,No_Transshipment
287,10,No_Transshipment
287,11,No_Transshipment
287,12,No_Transshipment
287,13,No_Transshipment
287,14,No_Transshipment
287,15,No_Transshipment
287,16,No_Transshipment
287,17,No_Transshipment
287,18,No_Transshipment
287,19,No_Transshipment
287,20,No_Transshipment
288,0,No_Transshipment
288,1,No_Transshipment
288,2,No_Transshipment
288,3,No_Transshipment
288,4,No_Transshipment
288,5,No_Transshipment
288,6,No_Transshipment
288,7,No_Transshipment
288,8,No_Transshipment
288,9,No_Transshipment
288,10,No_Transshipment
288,11,No_Transshipment
288,12,No_Transshipment
288,13,No_Transshipment
288,14,No_Transshipment
288,15,No_Transshipment
288,16,No_Transshipment
288,17,No_Transshipment
288,18,No_Transshipment
288,19,No_Transshipment
288,20,No_Transshipment
289,0,No_Transshipment
289,1,No_Transshipment
289,2,No_Transshipment
289,3,No_Transshipment
289,4,No_Transshipment
289,5,No_Transshipment
289,6,No_Transshipment
289,7,No_Transshipment
289,8,No_Transshipment
289,9,No_Transshipment
289,10,No_Transshipment
289,11,No_Transshipment
289,12,No_Transshipment
289,13,No_Transshipment
289,14,No_Transshipment
289,15,No_Transshipment
289,16,No_Transshipment
289,17,No_Transshipment
289,18,No_Transshipment
289,19,No_Transshipment
289,20,No_Transshipment
290,0,No_Transshipment
290,1,No_Transshipment
290,2,No_Transshipment
290,3,No_Transshipment
290,4,No_Transshipment
290,5,No_Transshipment
290,6,No_Transshipment
290,7,No_Transshipment
290,8,No_Transshipment
290,9,No_Transshipment
290,10,No_Transshipment
290,11,No_Transshipment
290,12,No_Transshipment
290,13,No_Transshipment
290,14,No_Transshipment
290,15,No_Transshipment
290,16,No_Transshipment
290,17,No_Transshipment
290,18,No_Transshipment
290,19,No_Transshipment
290,20,No_Transshipment
291,0,No_Transshipment
291,1,No_Transshipment
291,2,No_Transshipment
291,3,No_Transshipment
291,4,No_Transshipment
291,5,No_Transshipment
291,6,No_Transshipment
291,7,No_Transshipment
291,8,No_Transshipment
291,9,No_Transshipment
291,10,No_Transshipment
291,11,No_Transshipment
291,12,No_Transshipment
291,13,No_Transshipment
291,14,No_Transshipment
291,15,No_Transshipment
291,16,No_Transshipment
291,17,No_Transshipment
291,18,No_Transshipment
291,19,No_Transshipment
291,20,No_Transshipment
292,0,No_Transshipment
292,1,No_Transshipment
292,2,No_Transshipment
292,3,No_Transshipment
292,4,No_Transshipment
292,5,No_Transshipment
292,6,No_Transshipment
292,7,No_Transshipment
292,8,No_Transshipment
292,9,No_Transshipment
292,10,No_Transshipment
292,11,No_Transshipment
292,12,No_Transshipment
292,13,No_Transshipment
292,14,No_Transshipment
292,15,No_Transshipment
292,16,No_Transshipment
292,17,No_Transshipment
292,18,No_Transshipment
292,19,No_Transshipment
292,20,No_Transshipment
293,0,No_Transshipment
293,1,No_Transshipment
293,2,No_Transshipment
293,3,No_Transshipment
293,4,No_Transshipment
293,5,No_Transshipment
293,6,No_Transshipment
293,7,No_Transshipment
293,8,No_Transshipment
293,9,No_Transshipment
293,10,No_Transshipment
293,11,No_Transshipment
293,12,No_Transshipment
293,13,No_Transshipment
293,14,No_Transshipment
293,15,No_Transshipment
293,16,No_Transshipment
293,17,No_Transshipment
293,18,No_Transshipment
293,19,No_Transshipment
293,20,No_Transshipment
294,0,No_Transshipment
294,1,No_Transshipment
294,2,No_Transshipment
294,3,No_Transshipment
294,4,No_Transshipment
294,5,No_Transshipment
294,6,No_Transshipment
294,7,No_Transshipment
294,8,No_Transshipment
294,9,No_Transshipment
294,10,No_Transshipment
294,11,No_Transshipment
294,12,No_Transshipment
294,13,No_Transshipment
294,14,No_Transshipment
294,15,No_Transshipment
294,16,No_Transshipment
294,17,No_Transshipment
294,18,No_Transshipment
294,19,No_Transshipment
294,20,No_Transshipment
295,0,No_Transshipment
295,1,No_Transshipment
295,2,No_Transshipment
295,3,No_Transshipment
295,4,No_Transshipment
295,5,No_Transshipment
295,6,No_Transshipment
295,7,No_Transshipment
295,8,No_Transshipment
295,9,No_Transshipment
295,10,No_Transshipment
295,11,No_Transshipment
295,12,No_Transshipment
295,13,No_Transshipment
295,14,No_Transshipment
295,15,No_Transshipment
295,16,No_Transshipment
295,17,No_Transshipment
295,18,No_Transshipment
295,19,No_Transshipment
295,20,No_Transshipment
296,0,No_Transshipment
296,1,No_Transshipment
296,2,No_Transshipment
296,3,No_Transshipment
296,4,No_Transshipment
296,5,No_Transshipment
296,6,No_Transshipment
296,7,No_Transshipment
296,8,No_Transshipment
296,9,No_Transshipment
296,10,No_Transshipment
296,11,No_Transshipment
296,12,No_Transshipment
296,13,No_Transshipment
296,14,No_Transshipment
296,15,No_Transshipment
296,16,No_Transshipment
296,17,No_Transshipment
296,18,No_Transshipment
296,19,No_Transshipment
296,20,No_Transshipment
297,0,No_Transshipment
297,1,No_Transshipment
297,2,No_Transshipment
297,3,No_Transshipment
297,4,No_Transshipment
297,5,No_Transshipment
297,6,No_Transshipment
297,7,No_Transshipment
297,8,No_Transshipment
297,9,No_Transshipment
297,10,No_Transshipment
297,11,No_Transshipment
297,12,No_Transshipment
297,13,No_Transshipment
297,14,No_Transshipment
297,15,No_Transshipment
297,16,No_Transshipment
297,17,No_Transshipment
297,18,No_Transshipment
297,19,No_Transshipment
297,20,No_Transshipment
298,0,No_Transshipment
298,1,No_Transshipment
298,2,No_Transshipment
298,3,No_Transshipment
298,4,No_Transshipment
298,5,No_Transshipment
298,6,No_Transshipment
298,7,No_Transshipment
298,8,No_Transshipment
298,9,No_Transshipment
298,10,No_Transshipment
298,11,No_Transshipment
298,12,No_Transshipment
298,13,No_Transshipment
298,14,No_Transshipment
298,15,No_Transshipment
298,16,No_Transshipment
298,17,No_Transshipment
298,18,No_Transshipment
298,19,No_Transshipment
298,20,No_Transshipment
299,0,No_Transshipment
299,1,No_Transshipment
299,2,No_Transshipment
299,3,No_Transshipment
299,4,No_Transshipment
299,5,No_Transshipment
299,6,No_Transshipment
299,7,No_Transshipment
299,8,No_Transshipment
299,9,No_Transshipment
299,10,No_Transshipment
299,11,No_Transshipment
299,12,No_Transshipment
299,13,No_Transshipment
299,14,No_Transshipment
299,15,No_Transshipment
299,16,No_Transshipment
299,17,No_Transshipment
299,18,No_Transshipment
299,19,No_Transshipment
299,20,No_Transshipment
300,0,No_Transshipment
300,1,No_Transshipment
300,2,No_Transshipment
300,3,No_Transshipment
300,4,No_Transshipment
300,5,No_Transshipment
300,6,No_Transshipment
300,7,No_Transshipment
300,8,No_Transshipment
300,9,No_Transshipment
300,10,No_Transshipment
300,11,No_Transshipment
300,12,No_Transshipment
300,13,No_Transshipment
300,14,No_Transshipment
300,15,No_Transshipment
300,16,No_Transshipment
300,17,No_Transshipment
300,18,No_Transshipment
300,19,No_Transshipment
300,20,No_Transshipment
